pnr_id,route,fare_class,miles_flown_yearly,booking_abandonment_rate,6E_rewards_points,is_churned
6E1000,DEL-DXB,Economy,4831.753997976914,0.5721516637778622,2634,0
6E1001,BOM-BLR,Corporate,5087.734527436647,0.5743089210669763,2467,0
6E1002,MAA-SIN,Economy,5463.3468928561815,0.6549737071297554,2508,0
6E1003,DEL-BOM,Corporate,6053.429866713041,0.682838502373485,2528,0
6E1004,DEL-DXB,Business,4625.191062719873,0.1029344383627739,2528,0
6E1005,BOM-BLR,Economy,2130.152326435426,0.12863895656097266,2558,1
6E1006,MAA-SIN,Business,5574.428300700857,0.3698274783873577,2454,0
6E1007,DEL-DXB,Business,4520.788838841906,0.6682919745809008,2505,0
6E1008,DEL-BOM,Business,4394.295218529142,0.5604635972713391,2502,1
6E1009,DEL-DXB,Corporate,4717.159164117542,0.6463811252354581,2464,0
6E1010,BOM-BLR,Corporate,3757.537211310845,0.05181731848005285,2613,0
6E1011,BOM-BLR,Business,7146.2891379843295,0.037597510860635106,2486,0
6E1012,MAA-SIN,Business,4235.197915109636,0.2411921254944063,2434,0
6E1013,BOM-BLR,Corporate,6291.088089308726,0.4661222035262755,2456,0
6E1014,BOM-BLR,Economy,5365.000962725146,0.17197771247703383,2483,0
6E1015,DEL-DXB,Corporate,4289.353733974524,0.45172829001415826,2477,0
6E1016,MAA-SIN,Economy,6271.929309850503,0.16583292016016776,2470,0
6E1017,BOM-BLR,Economy,7216.866782840888,0.02362551168224923,2498,0
6E1018,DEL-BOM,Corporate,2711.3742819400954,0.554368299690325,2545,1
6E1019,DEL-DXB,Economy,985.0677389668735,0.24311135715431956,2498,0
6E1020,DEL-BOM,Economy,10341.956013966272,0.11268753634947418,2491,0
6E1021,BOM-BLR,Business,5429.298000823356,0.54226783499906,2525,0
6E1022,DEL-BOM,Corporate,6614.179670354568,0.008732611081722307,2518,1
6E1023,DEL-DXB,Corporate,7587.9506474535165,0.310101863489774,2474,0
6E1024,DEL-BOM,Economy,3699.481450058238,0.20820908328672563,2573,1
6E1025,DEL-BOM,Business,5691.10194747265,0.6789617203989875,2427,0
6E1026,MAA-SIN,Economy,4272.740175107278,0.31783221754483076,2449,0
6E1027,MAA-SIN,Corporate,5854.626058492449,0.5650088758293926,2507,1
6E1028,DEL-DXB,Economy,8730.152250484029,0.23132513873669833,2519,0
6E1029,BOM-BLR,Economy,6008.964702762229,0.2593024024878054,2495,0
6E1030,BOM-BLR,Economy,4408.698285669467,0.13764634080138546,2449,0
6E1031,DEL-DXB,Corporate,3003.7283940663456,0.6546633617572716,2497,0
6E1032,MAA-SIN,Corporate,3714.7307554775634,0.3914223119162213,2550,0
6E1033,BOM-BLR,Business,2492.8769956380834,0.6768102046257278,2480,1
6E1034,DEL-DXB,Business,4851.249555934444,0.6845764016784347,2431,1
6E1035,DEL-DXB,Corporate,5754.130017352882,0.4722251471001807,2445,0
6E1036,MAA-SIN,Economy,5928.935404187791,0.4957816733013795,2510,1
6E1037,BOM-BLR,Business,2892.333631154417,0.30080713706026985,2471,1
6E1038,BOM-BLR,Economy,6106.972774732657,0.20154017168208094,2474,0
6E1039,BOM-BLR,Economy,4618.785863204677,0.2793972082046889,2574,1
6E1040,DEL-BOM,Business,6870.206500135435,0.33029222621440263,2462,1
6E1041,BOM-BLR,Business,4847.749255446442,0.4306418303501358,2472,0
6E1042,DEL-DXB,Business,3463.7341962093888,0.6858666543263915,2538,0
6E1043,DEL-BOM,Business,4555.686768182971,0.2841684848978935,2436,0
6E1044,DEL-DXB,Business,2361.3457614497424,0.06179160406008955,2474,1
6E1045,MAA-SIN,Business,2886.207294414313,0.2773033254239098,2466,0
6E1046,DEL-DXB,Business,9245.171407080388,0.24983701703732608,2435,0
6E1047,MAA-SIN,Business,1769.386904610084,0.4273377679182079,2393,1
6E1048,MAA-SIN,Economy,6900.002057344072,0.042341280690049506,2479,0
6E1049,BOM-BLR,Business,7181.929094654728,0.05512540614288179,2554,1
6E1050,DEL-BOM,Corporate,1557.8199864990243,0.23045749112563485,2453,0
6E1051,DEL-BOM,Corporate,2994.1454370021274,0.6032907645595053,2502,0
6E1052,MAA-SIN,Business,7305.083105982538,0.33242574504219496,2461,1
6E1053,BOM-BLR,Business,438.0869693573841,0.1622118619456523,2479,0
6E1054,BOM-BLR,Business,3776.54283329966,0.36875422917035666,2444,1
6E1055,DEL-DXB,Corporate,3873.4379193005493,0.19779174744501277,2473,0
6E1056,DEL-DXB,Economy,1992.0676471879888,0.24483217305047153,2442,1
6E1057,DEL-DXB,Corporate,4918.756964618924,0.37296633162979775,2396,0
6E1058,MAA-SIN,Business,4299.970361379601,0.3986140759284761,2439,0
6E1059,DEL-BOM,Economy,5518.698551012207,0.29545555216683456,2506,1
6E1060,BOM-BLR,Economy,2982.1924598428286,0.6114029842348064,2537,0
6E1061,DEL-DXB,Economy,5682.278163333292,0.2604580276180754,2548,0
6E1062,DEL-DXB,Corporate,4699.667061517074,0.3143706606822596,2602,1
6E1063,DEL-DXB,Business,6371.2876893428875,0.3436090008307051,2452,1
6E1064,MAA-SIN,Economy,7355.479903934764,0.5797171366795093,2576,0
6E1065,DEL-DXB,Economy,3159.587274083954,0.5202867248700505,2528,0
6E1066,MAA-SIN,Business,6224.316430014721,0.3883712831398546,2507,0
6E1067,BOM-BLR,Business,1853.1004225228426,0.23457720259725803,2475,0
6E1068,MAA-SIN,Business,2081.0253234445477,0.16123823265578247,2488,1
6E1069,BOM-BLR,Business,2966.2730299571986,0.10739481429903144,2577,1
6E1070,DEL-DXB,Corporate,4899.140460960003,0.11760875816596945,2438,0
6E1071,MAA-SIN,Business,4531.049049700735,0.680443384367245,2544,0
6E1072,DEL-DXB,Corporate,2393.800572868769,0.5634715794849486,2468,0
6E1073,BOM-BLR,Business,3352.9572912850626,0.20643448283048207,2510,0
6E1074,MAA-SIN,Business,2888.548652356422,0.3266192428249711,2445,0
6E1075,BOM-BLR,Corporate,4988.80896549763,0.1300755834019054,2525,0
6E1076,DEL-BOM,Economy,555.2309650383986,0.010820675601241524,2495,0
6E1077,DEL-BOM,Business,7393.380655637411,0.11401047649900825,2565,1
6E1078,DEL-DXB,Business,5608.455021477098,0.6614734705262988,2532,1
6E1079,MAA-SIN,Economy,6297.409066596755,0.4745530168125979,2467,0
6E1080,MAA-SIN,Economy,5405.039371887741,0.3175796803834063,2529,0
6E1081,DEL-BOM,Economy,4673.264037334287,0.41400370254930013,2438,0
6E1082,MAA-SIN,Economy,6699.142941659415,0.6020798272778929,2491,0
6E1083,DEL-BOM,Business,6198.401139470054,0.5757752645656862,2452,0
6E1084,BOM-BLR,Business,5877.220461328735,0.4231362241248213,2469,0
6E1085,DEL-BOM,Business,5619.488729530228,0.3206757383235263,2486,1
6E1086,DEL-DXB,Economy,6227.96074175775,0.3088137714854729,2517,0
6E1087,DEL-BOM,Economy,5727.343271198175,0.10238995073484576,2473,1
6E1088,BOM-BLR,Corporate,7113.158387389138,0.38948575876982533,2583,0
6E1089,MAA-SIN,Corporate,6980.796729075965,0.34073502348774526,2485,0
6E1090,BOM-BLR,Economy,6558.689156376021,0.2785686862459075,2508,0
6E1091,MAA-SIN,Economy,4563.7259877866845,0.3743225581297518,2528,1
6E1092,BOM-BLR,Business,7142.034717000148,0.23696517397144404,2548,0
6E1093,BOM-BLR,Business,7071.384515022351,0.1746963979807128,2521,0
6E1094,MAA-SIN,Economy,7520.558664632051,0.08858432011526966,2361,0
6E1095,DEL-DXB,Corporate,5462.484909204658,0.037490788921306036,2468,1
6E1096,BOM-BLR,Business,5069.7482484753855,0.2455706580798568,2432,0
6E1097,BOM-BLR,Corporate,4565.885513864497,0.6391410820486157,2477,0
6E1098,DEL-BOM,Business,5563.836271643185,0.3039411271430283,2572,0
6E1099,DEL-BOM,Corporate,1410.937455292346,0.626240576290728,2461,0
6E1100,BOM-BLR,Business,3004.125830398729,0.4398538845734945,2611,0
6E1101,DEL-DXB,Corporate,3417.4387877280124,0.46088422375961635,2452,0
6E1102,DEL-BOM,Corporate,5515.036474372031,0.13474661724688364,2460,1
6E1103,BOM-BLR,Corporate,6867.430578989669,0.13621841273579646,2451,0
6E1104,BOM-BLR,Corporate,5528.925650865428,0.12070775645075645,2427,0
6E1105,BOM-BLR,Economy,4529.893358425683,0.02078906346001583,2487,0
6E1106,MAA-SIN,Business,7694.139570210835,0.6660703107884279,2518,0
6E1107,DEL-DXB,Economy,3329.9592373723917,0.09849910917945819,2542,1
6E1108,DEL-DXB,Economy,3239.155917794591,0.2581739824939362,2484,1
6E1109,BOM-BLR,Corporate,2235.6564161572,0.28254186814284443,2564,0
6E1110,BOM-BLR,Business,3943.018527705911,0.15479484272630875,2400,0
6E1111,DEL-BOM,Economy,6996.023422232953,0.6344760791173495,2504,0
6E1112,DEL-DXB,Economy,5163.972510236093,0.159390720029275,2502,0
6E1113,DEL-BOM,Corporate,5057.500188500063,0.22522504160591908,2437,0
6E1114,BOM-BLR,Corporate,4245.484174663218,0.6824813310681432,2450,0
6E1115,BOM-BLR,Economy,8090.3299036478775,0.3518465255236852,2572,0
6E1116,DEL-DXB,Business,1958.0825205750793,0.18612481380004497,2512,0
6E1117,MAA-SIN,Business,4714.445025482953,0.4593781095174387,2516,1
6E1118,DEL-DXB,Business,7498.4962651941205,0.2639935390199729,2497,0
6E1119,MAA-SIN,Corporate,7614.236648495701,0.04596235350092387,2527,0
6E1120,BOM-BLR,Economy,5131.721153506565,0.03499613150736902,2476,0
6E1121,DEL-BOM,Economy,1531.2067027227508,0.354481188647433,2551,0
6E1122,BOM-BLR,Business,7053.922981633221,0.33198235501121715,2426,0
6E1123,DEL-BOM,Corporate,4209.366224400022,0.6706828672788288,2540,0
6E1124,DEL-BOM,Economy,4133.990622037051,0.1013861642877189,2494,0
6E1125,DEL-DXB,Business,1227.505851694968,0.08563298426959724,2484,0
6E1126,DEL-DXB,Business,3822.3681574350826,0.5649693130182817,2515,0
6E1127,DEL-DXB,Business,6905.781745282538,0.5849183811293053,2519,0
6E1128,DEL-DXB,Corporate,4734.208720173439,0.3171483421599484,2416,0
6E1129,DEL-BOM,Business,7169.658226492336,0.594157434310675,2448,0
6E1130,DEL-DXB,Business,7790.385984096101,0.6110054460311453,2477,0
6E1131,DEL-DXB,Business,5955.1690885320895,0.4849791513182269,2572,0
6E1132,MAA-SIN,Corporate,4242.069993456565,0.42146682386614576,2489,1
6E1133,BOM-BLR,Corporate,3991.5213380477117,0.4806590121802409,2575,0
6E1134,DEL-DXB,Business,5253.970251448223,0.37195855673370354,2449,1
6E1135,DEL-BOM,Economy,7826.073176651718,0.01467555137744003,2484,0
6E1136,DEL-DXB,Corporate,8149.024660167823,0.18225120935662412,2485,1
6E1137,BOM-BLR,Business,5363.472557285234,0.6001968905613005,2563,1
6E1138,MAA-SIN,Business,1964.2944482882203,0.20466111167639675,2559,0
6E1139,DEL-DXB,Economy,8327.45974247226,0.06764935895950751,2475,0
6E1140,MAA-SIN,Business,5120.847763633884,0.47735919481064015,2548,0
6E1141,DEL-BOM,Corporate,2994.2846843967354,0.26555974962449,2509,0
6E1142,DEL-BOM,Corporate,715.8509447135848,0.12441658130317,2558,1
6E1143,MAA-SIN,Economy,3657.5587484960797,0.38197558904772777,2407,0
6E1144,DEL-DXB,Business,3499.1627433725985,0.040425848866443966,2485,0
6E1145,DEL-DXB,Business,6753.296965387331,0.5598935429365858,2482,0
6E1146,DEL-BOM,Business,4471.972402553358,0.07242465335435455,2481,1
6E1147,DEL-DXB,Economy,4096.73501549629,0.17148587270915236,2540,0
6E1148,BOM-BLR,Corporate,5828.5642444414425,0.6221461988102881,2465,0
6E1149,MAA-SIN,Business,6975.853668125269,0.1327494071701327,2486,0
6E1150,DEL-BOM,Economy,4070.419377032275,0.11323024463086478,2529,0
6E1151,DEL-BOM,Economy,8950.267489608303,0.2138470428987787,2485,0
6E1152,BOM-BLR,Corporate,6200.528073840608,0.6038480434143547,2420,0
6E1153,DEL-BOM,Economy,5569.6516924711705,0.2100175881506033,2440,0
6E1154,BOM-BLR,Corporate,6480.705134423799,0.4010267659282643,2436,0
6E1155,MAA-SIN,Business,3666.6576575515023,0.6783579487396143,2478,1
6E1156,MAA-SIN,Economy,7981.236577805202,0.30681862674668114,2504,1
6E1157,BOM-BLR,Corporate,3896.3982885298187,0.22653693723670756,2493,0
6E1158,DEL-BOM,Corporate,5234.281728472357,0.0028450094364242725,2429,0
6E1159,DEL-DXB,Corporate,7423.138227600164,0.11667457864170953,2513,0
6E1160,DEL-BOM,Business,6181.06596419651,0.23061119377280834,2552,0
6E1161,MAA-SIN,Economy,7071.762990815396,0.013561737209505896,2428,0
6E1162,DEL-BOM,Business,5053.658844370065,0.5043833518612245,2384,1
6E1163,BOM-BLR,Business,5349.608989555809,0.26755602180012006,2537,0
6E1164,MAA-SIN,Economy,5535.845102279675,0.027958413162073224,2460,1
6E1165,DEL-BOM,Business,5926.766443723536,0.5999519634061422,2471,1
6E1166,DEL-BOM,Business,4887.887868919042,0.48119857530677174,2507,0
6E1167,DEL-DXB,Business,1424.7436205519862,0.49750875914973325,2535,0
6E1168,DEL-BOM,Business,4997.185893709715,0.04411286936653658,2504,0
6E1169,BOM-BLR,Corporate,5713.833382507565,0.09531661573927937,2524,1
6E1170,DEL-BOM,Business,7159.155804504206,0.5747041915395538,2552,0
6E1171,DEL-BOM,Economy,2429.9772442819576,0.10337836517663186,2459,0
6E1172,MAA-SIN,Business,6124.490766434296,0.28473939262288694,2510,1
6E1173,BOM-BLR,Business,4023.860311817892,0.3743202233753235,2406,0
6E1174,DEL-DXB,Corporate,6189.5872965348735,0.3113983578207204,2482,0
6E1175,BOM-BLR,Corporate,2913.46066159495,0.6035145059924244,2570,0
6E1176,DEL-BOM,Economy,7310.865636781964,0.008992220317464626,2468,0
6E1177,DEL-BOM,Economy,2317.1242978043824,0.32145325855188983,2473,0
6E1178,DEL-DXB,Corporate,5539.042045584251,0.36238604498589627,2416,0
6E1179,DEL-DXB,Corporate,5946.760681222408,0.2921450427866879,2544,0
6E1180,MAA-SIN,Economy,1294.3362322890562,0.027760651688440316,2508,0
6E1181,DEL-DXB,Economy,3227.111685044848,0.20723379702818798,2537,0
6E1182,DEL-BOM,Corporate,4360.973127531102,0.33597594687318383,2404,0
6E1183,MAA-SIN,Corporate,6574.061879512774,0.39357317881774645,2498,0
6E1184,MAA-SIN,Economy,7811.347948901143,0.2554769716190658,2463,0
6E1185,BOM-BLR,Corporate,5909.700992598806,0.3139891795865695,2410,1
6E1186,MAA-SIN,Corporate,6263.885623634357,0.2584428664645635,2608,0
6E1187,DEL-DXB,Economy,5369.244016452627,0.6046024778563365,2451,0
6E1188,BOM-BLR,Corporate,4823.625520276283,0.5302221010095857,2536,0
6E1189,DEL-BOM,Corporate,6782.895583479875,0.5606890540033419,2438,0
6E1190,BOM-BLR,Corporate,129.3568491720289,0.34625166738425445,2526,1
6E1191,BOM-BLR,Economy,3250.934945407833,0.3887535835673827,2559,0
6E1192,MAA-SIN,Corporate,7047.661768359081,0.20912430273561,2484,1
6E1193,DEL-DXB,Economy,3539.3748383720404,0.474154379232012,2542,1
6E1194,DEL-DXB,Business,8830.930563571826,0.19931489732643412,2532,0
6E1195,MAA-SIN,Business,7493.150757836773,0.6276604644341571,2466,0
6E1196,MAA-SIN,Economy,9012.426597089041,0.582028555680257,2504,0
6E1197,MAA-SIN,Business,5105.03442010989,0.17334575634863697,2515,0
6E1198,MAA-SIN,Corporate,5909.217151854541,0.6667056308731066,2560,0
6E1199,MAA-SIN,Business,5539.397036304689,0.13748267574388368,2390,1
6E1200,BOM-BLR,Corporate,5482.756385967534,0.08612262596448317,2486,0
6E1201,MAA-SIN,Business,5510.817450847681,0.10667985058645302,2542,0
6E1202,DEL-BOM,Economy,4063.9178647760837,0.19200164389665364,2490,0
6E1203,MAA-SIN,Economy,7955.355789492497,0.37351855530044736,2420,0
6E1204,MAA-SIN,Business,4414.309297836942,0.3230889517969989,2510,0
6E1205,MAA-SIN,Corporate,3451.622853229111,0.430458157199533,2425,0
6E1206,DEL-DXB,Economy,5472.202917251815,0.639699754994989,2537,0
6E1207,BOM-BLR,Business,5397.623774996895,0.2036648687629449,2561,0
6E1208,BOM-BLR,Corporate,5158.716947850433,0.1769449202082114,2462,0
6E1209,MAA-SIN,Economy,4192.266241701583,0.6374104157163178,2498,0
6E1210,DEL-BOM,Economy,2419.353670827732,0.49453011514858214,2580,0
6E1211,DEL-BOM,Corporate,2293.332716331348,0.4526029467403137,2436,0
6E1212,MAA-SIN,Economy,3885.310598118489,0.293086203911269,2540,0
6E1213,DEL-BOM,Business,6166.898876612973,0.6970405612309628,2406,0
6E1214,MAA-SIN,Corporate,6892.765792798456,0.592781194081821,2500,0
6E1215,BOM-BLR,Business,4906.407253165257,0.39134217025449985,2532,0
6E1216,MAA-SIN,Economy,4461.300373363404,0.012794106162112472,2502,0
6E1217,DEL-BOM,Business,3903.8737218809792,0.40868174737047464,2496,0
6E1218,MAA-SIN,Economy,3588.4423787327314,0.2077135100389842,2470,0
6E1219,BOM-BLR,Business,9818.268126690145,0.5391512125649105,2455,0
6E1220,MAA-SIN,Economy,3916.4185595499575,0.6649221648401414,2494,0
6E1221,BOM-BLR,Business,7161.981433107732,0.15253451410369798,2511,1
6E1222,DEL-DXB,Corporate,5134.944873973967,0.06402568573752608,2486,0
6E1223,DEL-BOM,Corporate,3223.5487171012946,0.5044496064852153,2492,0
6E1224,MAA-SIN,Corporate,6512.262660231366,0.10210968369717155,2478,0
6E1225,DEL-DXB,Economy,1484.9082228102138,0.5110726394494979,2463,0
6E1226,DEL-BOM,Corporate,8709.223867829234,0.23815527081603724,2487,0
6E1227,BOM-BLR,Economy,4575.335759636096,0.5070571944699556,2549,1
6E1228,BOM-BLR,Economy,5072.458793493094,0.06455914900516345,2448,1
6E1229,BOM-BLR,Economy,5160.413976676705,0.3235788917892473,2475,0
6E1230,DEL-BOM,Business,6306.809598807734,0.6654448763683123,2526,0
6E1231,DEL-BOM,Business,8285.919103928329,0.2079348881986365,2470,0
6E1232,DEL-DXB,Business,8481.833485971152,0.3655880189432349,2579,1
6E1233,DEL-DXB,Corporate,7749.052870045252,0.2324389301532579,2490,0
6E1234,MAA-SIN,Business,7657.459047626484,0.3280047347161783,2525,0
6E1235,DEL-DXB,Corporate,3933.2476362615216,0.4850314328214123,2546,0
6E1236,BOM-BLR,Business,5176.346094382273,0.15620953763790926,2495,1
6E1237,DEL-DXB,Economy,7504.467445020868,0.07479791785721382,2413,0
6E1238,DEL-BOM,Economy,6453.823764699757,0.5399633284491486,2433,0
6E1239,DEL-BOM,Economy,1691.5889666375924,0.6596518188793845,2530,0
6E1240,BOM-BLR,Business,7990.486205481113,0.24686896314479598,2517,0
6E1241,DEL-BOM,Economy,7484.6740570796865,0.15790236194599205,2576,0
6E1242,MAA-SIN,Corporate,8321.444384074362,0.4380660730745294,2533,0
6E1243,DEL-DXB,Economy,4772.2141215483725,0.1183119799570092,2582,1
6E1244,DEL-BOM,Economy,5356.73034191042,0.4199479955552895,2497,0
6E1245,BOM-BLR,Economy,5416.173842262255,0.5302897922576482,2489,0
6E1246,DEL-BOM,Corporate,4741.846860713379,0.6450272008809246,2474,0
6E1247,BOM-BLR,Corporate,4221.676244694986,0.27965575835151596,2589,1
6E1248,DEL-DXB,Business,4641.178735899852,0.19806374654666845,2598,0
6E1249,BOM-BLR,Economy,5515.963636869285,0.6134897219282727,2575,0
6E1250,DEL-BOM,Business,3172.8186154266577,0.4548098015470909,2533,0
6E1251,DEL-BOM,Business,5135.589522893968,0.2419089493406116,2479,1
6E1252,BOM-BLR,Corporate,3437.632785294077,0.5479931765348819,2447,1
6E1253,BOM-BLR,Economy,7921.5313287334775,0.10249761513498408,2495,0
6E1254,BOM-BLR,Economy,9361.205113912305,0.002434555060579757,2472,0
6E1255,DEL-BOM,Economy,7870.69015823982,0.4992842165792653,2453,0
6E1256,BOM-BLR,Economy,7225.120680277407,0.44988924361211974,2462,0
6E1257,DEL-BOM,Business,7883.342906363028,0.10881735763390808,2468,1
6E1258,BOM-BLR,Business,6671.304129268212,0.5898781724972608,2475,0
6E1259,DEL-DXB,Corporate,3272.1547617672113,0.08533602717381444,2502,1
6E1260,BOM-BLR,Business,891.16864010468,0.5124542729569311,2594,0
6E1261,BOM-BLR,Corporate,5692.770206879534,0.047250907672760065,2459,0
6E1262,BOM-BLR,Economy,5711.212031302739,0.4360922849534721,2533,0
6E1263,MAA-SIN,Business,4925.637214140509,0.42252263763835257,2460,1
6E1264,DEL-DXB,Economy,6674.9732043283375,0.6514139140601919,2538,0
6E1265,DEL-BOM,Economy,4877.2234789002005,0.6843702543075448,2478,0
6E1266,DEL-DXB,Business,3342.6843583395475,0.44948633360819534,2469,0
6E1267,DEL-BOM,Business,5107.370543866875,0.3894495853468552,2530,0
6E1268,DEL-BOM,Business,4585.71791204132,0.5247757072630487,2489,0
6E1269,DEL-DXB,Economy,1113.381575551699,0.16991656299398822,2468,1
6E1270,DEL-DXB,Economy,5589.288177217506,0.22206194289298056,2413,0
6E1271,MAA-SIN,Business,6162.582135185325,0.000859900553121673,2502,1
6E1272,DEL-DXB,Business,7010.999115990425,0.32850464648983735,2497,0
6E1273,DEL-BOM,Corporate,4520.921429521925,0.6664228978003428,2512,0
6E1274,BOM-BLR,Corporate,5964.159467739454,0.34482344344861354,2488,0
6E1275,MAA-SIN,Business,3722.538925869671,0.6376191912123633,2441,0
6E1276,DEL-DXB,Economy,5709.566780763522,0.15296837978726405,2448,0
6E1277,DEL-BOM,Business,2526.291936090681,0.6276232520715894,2525,0
6E1278,DEL-DXB,Business,3335.3085238491844,0.006104560862401653,2517,0
6E1279,DEL-DXB,Corporate,4500.76380001351,0.3009438448995518,2544,0
6E1280,BOM-BLR,Corporate,3209.8344437145956,0.34207905841234515,2474,0
6E1281,DEL-DXB,Business,7853.893674536617,0.578840463885168,2565,1
6E1282,DEL-BOM,Business,5014.521444982758,0.5897622907733239,2538,0
6E1283,MAA-SIN,Business,2098.177026649378,0.1500227710230476,2485,0
6E1284,DEL-DXB,Business,8269.330972672147,0.636395645813034,2501,0
6E1285,DEL-DXB,Corporate,-1224.7501038464588,0.2617818272028476,2370,0
6E1286,DEL-DXB,Economy,3464.1419342580057,0.49253102049464403,2542,0
6E1287,BOM-BLR,Corporate,4748.705858556106,0.19487524461529976,2368,0
6E1288,DEL-BOM,Business,6272.818669697873,0.16067567102527436,2531,0
6E1289,MAA-SIN,Corporate,6830.057484251847,0.49296062831236154,2500,1
6E1290,DEL-BOM,Corporate,2280.4752959001216,0.1011620374587825,2553,0
6E1291,MAA-SIN,Economy,3617.064801965996,0.019237921349079257,2535,0
6E1292,DEL-DXB,Corporate,6144.038711207082,0.478727242750538,2469,0
6E1293,DEL-DXB,Economy,1896.2746919285746,0.054468538776819994,2439,0
6E1294,DEL-DXB,Economy,4713.887209968318,0.6207232939401015,2553,1
6E1295,DEL-BOM,Business,10328.83814479498,0.534034116343606,2506,0
6E1296,BOM-BLR,Business,1431.0101361439692,0.22029298388267185,2454,0
6E1297,BOM-BLR,Economy,4512.5948268891125,0.6728912829945554,2531,0
6E1298,BOM-BLR,Business,5647.174680477573,0.10518163850073746,2490,0
6E1299,DEL-DXB,Economy,6856.957969238927,0.40847514897380843,2438,0
6E1300,DEL-BOM,Corporate,2609.4044188126686,0.05166597604062734,2484,0
6E1301,MAA-SIN,Economy,3803.820968132818,0.2742300777234076,2482,0
6E1302,MAA-SIN,Business,3377.813779161694,0.11262223342719226,2460,0
6E1303,DEL-DXB,Corporate,5812.467699889955,0.04446635524042325,2450,0
6E1304,DEL-BOM,Business,4509.908967690408,0.24341886898473516,2411,0
6E1305,DEL-DXB,Business,3785.3645734469446,0.4299004622108877,2593,0
6E1306,MAA-SIN,Economy,4197.179770402265,0.398900395169165,2487,0
6E1307,DEL-BOM,Corporate,7208.83138246943,0.28062681885290636,2471,0
6E1308,DEL-DXB,Corporate,6260.966104191781,0.6172919258987302,2484,1
6E1309,MAA-SIN,Business,6498.689532115212,0.39843282022660675,2532,0
6E1310,MAA-SIN,Business,6111.088116499733,0.028310814344961042,2522,0
6E1311,BOM-BLR,Economy,6778.515924027997,0.579977538540267,2474,0
6E1312,DEL-DXB,Corporate,5733.924694992679,0.29157720765847334,2628,1
6E1313,DEL-BOM,Business,6427.196418818574,0.40993400747062986,2449,1
6E1314,MAA-SIN,Business,2860.4812015903353,0.13415762488637756,2472,0
6E1315,DEL-DXB,Economy,7223.194093733676,0.4691298754140987,2534,0
6E1316,MAA-SIN,Economy,3932.5653128976774,0.1505549422506475,2400,0
6E1317,DEL-BOM,Corporate,6279.7876810229445,0.6146601952498794,2473,0
6E1318,MAA-SIN,Economy,5855.4974789155585,0.06758764782956128,2436,0
6E1319,BOM-BLR,Corporate,6160.634957385695,0.3138052098516814,2550,0
6E1320,DEL-DXB,Economy,5725.28174960313,0.2232238995539985,2497,0
6E1321,MAA-SIN,Corporate,6120.7073436389,0.6586743567872229,2498,0
6E1322,DEL-DXB,Corporate,4349.052791506509,0.47541442722249416,2456,0
6E1323,BOM-BLR,Economy,4147.793669742371,0.5086586085392407,2540,0
6E1324,BOM-BLR,Business,5258.869564363742,0.40863713972727916,2450,0
6E1325,MAA-SIN,Corporate,6209.728531743672,0.63080064218837,2503,0
6E1326,BOM-BLR,Business,5220.259985935488,0.07236695087550342,2493,1
6E1327,DEL-DXB,Business,2891.4229164877606,0.3977135173580942,2509,0
6E1328,DEL-DXB,Economy,7467.972134814868,0.06716211702798366,2458,1
6E1329,DEL-BOM,Economy,3952.5462990944757,0.6333631455579756,2501,1
6E1330,BOM-BLR,Economy,9764.772012586702,0.6784075222482567,2534,0
6E1331,BOM-BLR,Business,2591.800432974311,0.4082969835410466,2453,0
6E1332,BOM-BLR,Business,3261.0743844707786,0.20062722012168932,2372,0
6E1333,DEL-BOM,Economy,2445.1879868171063,0.33666367322174723,2443,0
6E1334,BOM-BLR,Business,2887.4907954165183,0.33856938187718616,2570,0
6E1335,BOM-BLR,Corporate,2062.7145386785214,0.4613225343639604,2434,0
6E1336,DEL-DXB,Business,7380.086957515512,0.15649666534333503,2467,1
6E1337,DEL-DXB,Business,6072.31059190966,0.5857395896747106,2515,1
6E1338,MAA-SIN,Economy,1608.6962686553939,0.14092901052884638,2587,0
6E1339,DEL-BOM,Economy,641.5489280127786,0.3134077109176392,2411,0
6E1340,DEL-DXB,Economy,2720.33448689614,0.2527027766548456,2502,1
6E1341,DEL-DXB,Economy,4950.080205782196,0.18762369100777188,2468,0
6E1342,DEL-BOM,Corporate,5308.790770447839,0.4430755808999035,2522,0
6E1343,MAA-SIN,Business,4607.831254545319,0.21912464815339977,2546,0
6E1344,BOM-BLR,Corporate,6024.565468313131,0.19386352436829343,2530,0
6E1345,BOM-BLR,Business,7884.528857850937,0.1827202585727265,2554,0
6E1346,MAA-SIN,Corporate,8068.802208251251,0.4445173385139091,2457,0
6E1347,DEL-BOM,Business,8400.897804625527,0.07175925982923903,2535,0
6E1348,MAA-SIN,Corporate,7211.881132808776,0.5993475227280693,2468,0
6E1349,DEL-DXB,Corporate,6307.28410298989,0.671742085975411,2517,0
6E1350,DEL-BOM,Corporate,6130.738322450411,0.23427531626833173,2459,0
6E1351,BOM-BLR,Business,7580.634308310684,0.12495294391535354,2517,0
6E1352,DEL-DXB,Economy,7635.8271013270105,0.10222416259597261,2513,0
6E1353,DEL-BOM,Business,2345.8124204870346,0.17341763769690297,2466,0
6E1354,BOM-BLR,Business,6170.998773864738,0.3170478491060145,2503,0
6E1355,BOM-BLR,Business,4063.506025579064,0.19267748733551474,2516,0
6E1356,BOM-BLR,Economy,6306.867492256729,0.09352979613802798,2441,1
6E1357,MAA-SIN,Corporate,6497.195646587117,0.5803481574868562,2474,0
6E1358,MAA-SIN,Corporate,7498.152310287447,0.55287851594884,2525,1
6E1359,DEL-BOM,Corporate,5966.693455721031,0.3155320417504435,2472,0
6E1360,MAA-SIN,Business,836.7945484740594,0.5392062258915226,2614,0
6E1361,DEL-BOM,Economy,5316.246250468887,0.6954705656694666,2451,0
6E1362,DEL-DXB,Business,5684.360666636378,0.2226503262609382,2524,0
6E1363,DEL-BOM,Business,9108.137551730353,0.04220953112706183,2571,1
6E1364,DEL-DXB,Business,6435.883862640046,0.5182761696044139,2557,0
6E1365,MAA-SIN,Business,5393.624017019811,0.4189175882515199,2506,0
6E1366,MAA-SIN,Business,2643.2073919781305,0.1403161808835745,2455,0
6E1367,DEL-DXB,Corporate,9842.966526267588,0.058918162619463706,2680,0
6E1368,DEL-BOM,Business,7310.151386505154,0.44148723212582613,2555,0
6E1369,BOM-BLR,Economy,2357.9178060046843,0.13169407185686427,2500,1
6E1370,DEL-DXB,Business,8416.463180131923,0.5556576687825119,2452,1
6E1371,DEL-DXB,Economy,6119.627548095215,0.25644893962306436,2516,0
6E1372,BOM-BLR,Business,3268.3538763207634,0.33036481196086864,2541,0
6E1373,DEL-BOM,Corporate,5225.934856407515,0.5232916552512774,2612,0
6E1374,BOM-BLR,Corporate,3309.9594626856797,0.340732865313307,2470,1
6E1375,DEL-BOM,Business,3764.6313557735257,0.03167858994380274,2474,0
6E1376,DEL-BOM,Business,6349.365010961517,0.09553410286266344,2514,0
6E1377,DEL-DXB,Corporate,7632.668956464284,0.6509434390142845,2549,0
6E1378,DEL-DXB,Economy,6825.507743096606,0.5131835231081,2531,0
6E1379,DEL-BOM,Economy,3267.1561809755462,0.02804162981140802,2577,0
6E1380,DEL-DXB,Corporate,4661.46283185632,0.6831842659854702,2359,0
6E1381,BOM-BLR,Economy,8121.493110626581,0.3467619361999798,2505,0
6E1382,DEL-DXB,Economy,3070.2526846884684,0.2696682299737043,2576,0
6E1383,BOM-BLR,Business,6225.877842121776,0.6843623127237525,2538,1
6E1384,DEL-DXB,Corporate,4751.853921595147,0.012526082708322062,2483,0
6E1385,MAA-SIN,Business,2355.3385204817373,0.49337427467569417,2558,0
6E1386,DEL-DXB,Corporate,5902.508638791568,0.5821265480751654,2544,0
6E1387,MAA-SIN,Corporate,4171.04129159135,0.42425952936826666,2485,0
6E1388,DEL-BOM,Corporate,4628.236503867188,0.26434862027426775,2582,0
6E1389,DEL-DXB,Business,7705.439489198305,0.24742768822116024,2472,0
6E1390,BOM-BLR,Corporate,6527.5679338618775,0.012882205885508646,2485,0
6E1391,MAA-SIN,Business,7627.338091900418,0.014538539191986643,2464,0
6E1392,DEL-DXB,Corporate,3302.171543138429,0.3537410906069296,2592,0
6E1393,MAA-SIN,Economy,3827.3114899280226,0.47671867510104576,2560,0
6E1394,DEL-BOM,Business,6825.139570397676,0.5022013769031507,2436,0
6E1395,BOM-BLR,Corporate,2998.597315421079,0.3739347455639803,2539,1
6E1396,DEL-DXB,Economy,3671.584334844343,0.016260190228287296,2509,0
6E1397,BOM-BLR,Economy,5151.635306031501,0.6088436355940814,2545,0
6E1398,MAA-SIN,Economy,7510.76329026283,0.2422386517902732,2427,0
6E1399,BOM-BLR,Economy,5162.303149305672,0.36888831310814274,2543,1
6E1400,DEL-BOM,Business,4526.468737407132,0.44370735126165856,2463,1
6E1401,BOM-BLR,Business,7469.822910628527,0.4681031050577342,2509,0
6E1402,DEL-DXB,Economy,2881.9616847663283,0.4631618535100339,2501,0
6E1403,MAA-SIN,Business,3204.914892161376,0.4413982556595624,2500,0
6E1404,DEL-BOM,Corporate,4446.814833852624,0.2688788989165088,2501,0
6E1405,MAA-SIN,Economy,5250.00283586247,0.3192947400626276,2504,0
6E1406,BOM-BLR,Economy,2598.165846246764,0.05417900417435318,2538,0
6E1407,DEL-DXB,Corporate,6519.638472426184,0.1969342532226585,2455,1
6E1408,DEL-DXB,Business,4910.268223325844,0.46470481105168826,2428,0
6E1409,DEL-DXB,Corporate,5528.871921061142,0.29760551312468353,2505,0
6E1410,DEL-DXB,Corporate,3776.9136660993945,0.654135291765101,2512,1
6E1411,BOM-BLR,Economy,5767.314612991251,0.23287344650620023,2491,0
6E1412,DEL-DXB,Business,7179.310324366419,0.11682008983819854,2484,0
6E1413,MAA-SIN,Corporate,6564.337148996657,0.6351554679276944,2518,1
6E1414,MAA-SIN,Business,7485.073309551022,0.40160551733113314,2506,0
6E1415,DEL-DXB,Economy,1788.2573088451436,0.49984096188309707,2381,0
6E1416,BOM-BLR,Economy,5872.662881991652,0.18197963946426018,2555,0
6E1417,MAA-SIN,Corporate,1581.2172576452363,0.07031176974313212,2484,0
6E1418,BOM-BLR,Corporate,6796.197427890085,0.035134236902555405,2500,0
6E1419,DEL-BOM,Corporate,7874.869248298377,0.19520066653630797,2514,1
6E1420,BOM-BLR,Business,2238.473377667381,0.6330681471497187,2558,0
6E1421,DEL-BOM,Economy,6849.767092223053,0.41923146045811516,2582,0
6E1422,DEL-BOM,Economy,6712.613576581601,0.6192391819649103,2522,0
6E1423,MAA-SIN,Economy,5295.9985238882355,0.04618152552055868,2452,0
6E1424,DEL-BOM,Corporate,4840.505741648103,0.19146046909582445,2458,0
6E1425,DEL-BOM,Economy,2643.0645646109356,0.0487926148812223,2478,1
6E1426,DEL-BOM,Economy,6376.156801509869,0.11304365947547663,2525,1
6E1427,DEL-DXB,Business,3451.3250445167814,0.08193452712290805,2459,1
6E1428,BOM-BLR,Corporate,4585.958374675856,0.25425838121912225,2485,0
6E1429,DEL-BOM,Economy,4249.008498508192,0.5454464618442204,2579,1
6E1430,DEL-DXB,Business,4150.953072418571,0.1259496489688857,2605,0
6E1431,DEL-BOM,Economy,4676.573737445303,0.6341779191239231,2383,1
6E1432,MAA-SIN,Business,4815.373428394343,0.5430221884229012,2513,0
6E1433,MAA-SIN,Economy,8131.3957855369335,0.3783524192978617,2474,0
6E1434,BOM-BLR,Business,6571.815699341524,0.5944383430137251,2547,0
6E1435,DEL-DXB,Business,6041.4097108725355,0.4841486724386623,2569,1
6E1436,DEL-BOM,Corporate,9215.669355164093,0.05336673402971241,2491,0
6E1437,DEL-BOM,Business,5316.2176936477545,0.3002276862364906,2474,1
6E1438,BOM-BLR,Business,3789.5497649218896,0.5443556826198753,2540,0
6E1439,MAA-SIN,Business,8772.633974208195,0.5475354207617757,2548,0
6E1440,BOM-BLR,Business,8045.088617786079,0.6300938864519238,2473,0
6E1441,DEL-DXB,Corporate,4900.554814983629,0.25620060017584284,2531,0
6E1442,MAA-SIN,Business,3015.4907135533113,0.0754969421027199,2562,1
6E1443,MAA-SIN,Economy,5408.410083072048,0.34967239410640094,2569,0
6E1444,MAA-SIN,Corporate,9651.486173248966,0.31279583886130174,2521,0
6E1445,DEL-DXB,Business,-919.3468831861319,0.1832280143160469,2569,1
6E1446,MAA-SIN,Economy,2819.760571357867,0.5106930493046133,2439,0
6E1447,MAA-SIN,Business,4707.811768907408,0.6904879784747068,2553,0
6E1448,MAA-SIN,Business,3181.609318421678,0.531358546037376,2486,0
6E1449,DEL-DXB,Business,5567.66010021516,0.020173948636438708,2499,0
6E1450,DEL-DXB,Economy,8392.643277454736,0.4596806420863111,2460,0
6E1451,BOM-BLR,Economy,5316.558761778901,0.22098672998631738,2413,0
6E1452,DEL-BOM,Business,6715.337652688997,0.024138943279810175,2351,0
6E1453,BOM-BLR,Economy,4497.422398378745,0.11058894919575268,2462,0
6E1454,BOM-BLR,Economy,4408.204675409364,0.4648561290022617,2406,0
6E1455,BOM-BLR,Corporate,5161.393177111951,0.15767185404893114,2465,0
6E1456,DEL-DXB,Business,4746.56809677343,0.5524580011152959,2512,0
6E1457,MAA-SIN,Business,6187.718550672545,0.021571746166469397,2367,0
6E1458,MAA-SIN,Economy,7394.814642661506,0.20598898341801064,2527,0
6E1459,MAA-SIN,Business,4674.216214511432,0.19403315557324596,2456,0
6E1460,BOM-BLR,Economy,1414.0863137798447,0.5524148112588988,2519,0
6E1461,DEL-BOM,Economy,4717.318079923322,0.6699444851868026,2520,1
6E1462,DEL-DXB,Economy,3166.12716131676,0.5017308106671867,2491,0
6E1463,MAA-SIN,Economy,5359.711829434016,0.12805400264127767,2513,0
6E1464,DEL-BOM,Economy,3693.481932792384,0.19296292577111313,2498,1
6E1465,MAA-SIN,Corporate,6828.631581354206,0.63285716892643,2445,1
6E1466,DEL-DXB,Economy,2623.852451258249,0.11706717670766212,2448,0
6E1467,MAA-SIN,Corporate,4871.1762893594805,0.1458197141161143,2514,0
6E1468,DEL-DXB,Corporate,5190.8149398913,0.40776723503588735,2458,1
6E1469,BOM-BLR,Business,5773.348541829689,0.6380636863864265,2574,0
6E1470,MAA-SIN,Corporate,5157.9027750260375,0.5823843487726912,2462,0
6E1471,DEL-BOM,Corporate,4288.04389724538,0.16887640553428748,2478,0
6E1472,MAA-SIN,Economy,5142.823704903038,0.6889355517297084,2491,1
6E1473,BOM-BLR,Corporate,5821.8849860905175,0.3025876868852369,2495,1
6E1474,DEL-DXB,Business,6003.083055265303,0.6696053025414251,2483,0
6E1475,BOM-BLR,Business,7890.010418744235,0.4560116781771976,2493,0
6E1476,DEL-BOM,Corporate,6682.054574069014,0.30099274443806573,2513,1
6E1477,BOM-BLR,Corporate,5831.641214293558,0.565614863087412,2516,0
6E1478,DEL-BOM,Corporate,3219.138882048549,0.24466051775656641,2540,0
6E1479,DEL-BOM,Business,2575.311983948712,0.6652269595553152,2416,0
6E1480,DEL-DXB,Business,5970.353584027844,0.03847006026070854,2509,0
6E1481,DEL-BOM,Corporate,5206.666449698147,0.4340242919588015,2522,0
6E1482,DEL-BOM,Business,3149.957223697569,0.5815220731698713,2517,0
6E1483,DEL-BOM,Corporate,5110.660854488452,0.188372507820145,2426,1
6E1484,DEL-BOM,Economy,3702.45548556849,0.39388836676701,2495,0
6E1485,MAA-SIN,Corporate,8466.352547820643,0.015989610737127513,2634,0
6E1486,DEL-BOM,Economy,7222.314526736304,0.27006429889164063,2482,0
6E1487,BOM-BLR,Economy,4574.083126184362,0.04249807282112319,2546,1
6E1488,MAA-SIN,Corporate,4606.7597102718355,0.06555588742648723,2515,0
6E1489,DEL-DXB,Business,5097.269288431187,0.5734940160990201,2431,1
6E1490,MAA-SIN,Business,2942.475932063019,0.4450527573580226,2498,0
6E1491,DEL-BOM,Economy,3116.70950216997,0.3754593810571006,2519,0
6E1492,DEL-DXB,Corporate,5104.724447246307,0.3929117730358626,2463,0
6E1493,DEL-BOM,Corporate,4737.6948038458195,0.5881459301985347,2463,1
6E1494,MAA-SIN,Corporate,3202.1516742295676,0.4396463015359336,2480,0
6E1495,DEL-BOM,Economy,1437.9709479967769,0.20074389971226955,2500,0
6E1496,DEL-DXB,Economy,6585.164747758742,0.6072695820458747,2482,0
6E1497,DEL-BOM,Corporate,7470.891922385195,0.487845680977917,2514,0
6E1498,DEL-DXB,Business,5942.406155559489,0.11811581299309871,2424,0
6E1499,BOM-BLR,Business,7491.95637552175,0.6453559583603147,2461,0
6E1500,MAA-SIN,Corporate,8372.781118285691,0.6888490958886212,2475,1
6E1501,BOM-BLR,Economy,4506.745199002253,0.6399631994212021,2518,0
6E1502,DEL-DXB,Business,7002.922473865219,0.6543967339623893,2488,0
6E1503,BOM-BLR,Business,3196.507931423892,0.31358347458097396,2541,0
6E1504,BOM-BLR,Corporate,3991.9617009829662,0.1637795489540978,2486,1
6E1505,BOM-BLR,Corporate,1468.1383793357904,0.08718096672855952,2463,0
6E1506,DEL-BOM,Corporate,5973.845421175794,0.27810541841978775,2596,0
6E1507,DEL-DXB,Business,6871.352547635933,0.5219683639738313,2559,0
6E1508,DEL-DXB,Economy,6272.337212535327,0.25002989812628834,2495,1
6E1509,MAA-SIN,Economy,10383.421745041847,0.6109539696065879,2530,1
6E1510,MAA-SIN,Economy,1248.7297348712,0.2759753776425549,2445,0
6E1511,DEL-DXB,Corporate,5545.7538171628,0.389274431591832,2545,0
6E1512,DEL-BOM,Corporate,3301.1554417830243,0.3247257799260552,2448,0
6E1513,MAA-SIN,Economy,6339.099011301266,0.5568656389412909,2526,0
6E1514,MAA-SIN,Economy,3759.546015977732,0.3057019674916527,2408,1
6E1515,MAA-SIN,Corporate,4450.196837097675,0.5465639647585152,2491,1
6E1516,MAA-SIN,Economy,4297.372176798161,0.6018143221828441,2433,1
6E1517,MAA-SIN,Business,3229.374253757882,0.5077320469965347,2502,0
6E1518,BOM-BLR,Economy,-597.3099762387455,0.5816279133819551,2409,0
6E1519,DEL-BOM,Corporate,4928.813122795651,0.48458895494377197,2444,0
6E1520,BOM-BLR,Economy,5041.757627282886,0.3546871578173512,2600,0
6E1521,BOM-BLR,Corporate,9092.079578668108,0.042168532559264005,2477,0
6E1522,MAA-SIN,Corporate,2186.0432019351774,0.2571304802511202,2492,1
6E1523,MAA-SIN,Business,6578.32073401904,0.34221125378855455,2543,0
6E1524,DEL-DXB,Economy,4799.611247250296,0.4094246400393543,2553,0
6E1525,DEL-DXB,Economy,5187.378435896137,0.44571343442000255,2525,0
6E1526,DEL-DXB,Business,5335.902705063793,0.15672274680990483,2419,0
6E1527,MAA-SIN,Business,3528.9204531880832,0.15132529806135608,2432,1
6E1528,DEL-BOM,Corporate,1737.4100972276947,0.2409204745416554,2472,0
6E1529,MAA-SIN,Business,7127.638917205344,0.09485553912015654,2526,0
6E1530,DEL-BOM,Business,7562.907304767425,0.14350977483648167,2436,1
6E1531,BOM-BLR,Economy,3868.1420870895827,0.6380518735640398,2511,0
6E1532,DEL-DXB,Business,2353.6242110298026,0.43693846353569504,2449,0
6E1533,DEL-DXB,Business,566.8941782335751,0.3536884617540912,2538,0
6E1534,MAA-SIN,Corporate,4365.178327178164,0.411425828283755,2558,0
6E1535,BOM-BLR,Business,7323.217720607574,0.3119573182055405,2496,0
6E1536,MAA-SIN,Corporate,4086.8418680873892,0.6002643731670069,2509,0
6E1537,DEL-DXB,Corporate,4085.722399171103,0.417528669486404,2505,0
6E1538,DEL-DXB,Corporate,5343.982124696942,0.158420520358438,2406,0
6E1539,MAA-SIN,Economy,5014.11192485164,0.5363641534257279,2509,0
6E1540,DEL-BOM,Business,6059.627763666565,0.31027168309910025,2439,0
6E1541,MAA-SIN,Corporate,4388.086064235802,0.6602418548568058,2583,0
6E1542,BOM-BLR,Corporate,4882.0220153152095,0.3039640741387264,2514,1
6E1543,BOM-BLR,Business,3473.56326789331,0.5096443072890551,2451,0
6E1544,DEL-DXB,Economy,1936.4856054872548,0.23045114380017667,2471,1
6E1545,DEL-BOM,Business,4363.731719284343,0.5819419576575875,2510,1
6E1546,DEL-BOM,Business,1396.5648068439004,0.17020398232847472,2459,0
6E1547,MAA-SIN,Economy,6265.892777060069,0.6204876436671641,2503,1
6E1548,DEL-DXB,Business,6311.900966246894,0.07387372491256419,2505,0
6E1549,BOM-BLR,Corporate,1982.203098043628,0.6789718633298414,2455,1
6E1550,DEL-DXB,Business,3397.8493593850735,0.5104406027659724,2432,0
6E1551,MAA-SIN,Corporate,6216.189278275828,0.08924407973639452,2545,0
6E1552,DEL-DXB,Business,9528.24528938777,0.24070707308196435,2541,0
6E1553,DEL-DXB,Economy,5911.187655476788,0.1937229189605054,2438,0
6E1554,MAA-SIN,Business,3317.3817267750965,0.1479757008544266,2413,1
6E1555,DEL-DXB,Economy,3372.5875369091336,0.19692936424884522,2546,0
6E1556,DEL-BOM,Economy,6090.484565152713,0.17541412208803656,2518,0
6E1557,DEL-BOM,Economy,3534.445700339677,0.12673617184049815,2559,0
6E1558,DEL-BOM,Business,4735.191932788397,0.2279692329748928,2543,0
6E1559,DEL-BOM,Corporate,5417.751228701228,0.0842574774436281,2563,1
6E1560,DEL-DXB,Economy,6839.319908544349,0.5978339199458786,2467,1
6E1561,BOM-BLR,Business,4867.622361988788,0.18425280105491404,2513,0
6E1562,DEL-DXB,Economy,3882.974831636736,0.5186897628287949,2556,1
6E1563,DEL-BOM,Economy,5869.753570499774,0.3457410448802245,2455,0
6E1564,BOM-BLR,Business,8905.40411616423,0.40739123227859597,2504,1
6E1565,DEL-DXB,Corporate,4171.839767835396,0.07066075913249167,2473,0
6E1566,DEL-BOM,Corporate,5016.381386262932,0.6906535109304384,2481,0
6E1567,DEL-BOM,Business,5151.576751370819,0.5500877913374898,2445,0
6E1568,MAA-SIN,Economy,5837.2922960017295,0.3736756295911308,2554,0
6E1569,DEL-BOM,Corporate,4682.702572253361,0.053801880153010156,2451,1
6E1570,BOM-BLR,Business,4006.3531624335715,0.30993149692625754,2564,1
6E1571,BOM-BLR,Economy,6004.386669544994,0.31386614446748734,2457,1
6E1572,DEL-DXB,Corporate,4304.700342403896,0.061521342186790666,2468,1
6E1573,BOM-BLR,Corporate,8275.738649294615,0.3600400602526181,2528,1
6E1574,BOM-BLR,Business,7423.520991052136,0.4678099776789082,2603,0
6E1575,BOM-BLR,Business,3178.480516435095,0.17747803049139982,2537,0
6E1576,DEL-DXB,Business,4953.670257749476,0.22995892639640803,2513,0
6E1577,BOM-BLR,Business,3075.2745809858625,0.466155633941821,2507,0
6E1578,MAA-SIN,Economy,3939.8443934408597,0.43290773864141036,2503,1
6E1579,DEL-BOM,Business,4641.650602025802,0.4120827800494788,2475,0
6E1580,DEL-BOM,Economy,5843.992371099591,0.21023766934903487,2535,0
6E1581,DEL-DXB,Economy,6428.0758996503155,0.6838839995462439,2465,1
6E1582,MAA-SIN,Business,1779.6174938078602,0.6962203791323739,2462,0
6E1583,DEL-DXB,Corporate,5219.99269724104,0.34462823205205895,2462,0
6E1584,BOM-BLR,Business,6254.322047072197,0.6804588774454428,2429,0
6E1585,BOM-BLR,Business,6683.8107986901,0.33519181962160627,2449,0
6E1586,DEL-DXB,Business,7174.372732857035,0.5101213871351824,2427,0
6E1587,DEL-DXB,Economy,7791.066159812221,0.17397501398486434,2531,0
6E1588,BOM-BLR,Corporate,7017.373633521804,0.13504729865427206,2408,0
6E1589,BOM-BLR,Corporate,6261.405931977743,0.5148203683422456,2566,0
6E1590,BOM-BLR,Business,5016.16054382044,0.3253073941240488,2429,0
6E1591,DEL-BOM,Business,6589.011234363466,0.6168538828008189,2438,0
6E1592,BOM-BLR,Corporate,2275.0708687712704,0.6290424942920215,2484,0
6E1593,DEL-DXB,Economy,5768.6413336109745,0.20926025633066114,2515,0
6E1594,DEL-DXB,Economy,5862.30590424983,0.538256238182847,2526,0
6E1595,BOM-BLR,Corporate,8808.616951218926,0.49586988293049544,2534,0
6E1596,DEL-BOM,Economy,4513.65807025333,0.055073520157978,2446,0
6E1597,BOM-BLR,Corporate,8150.279452503082,0.17478686976018162,2534,1
6E1598,BOM-BLR,Corporate,4240.37132703997,0.5616195967134455,2474,0
6E1599,MAA-SIN,Corporate,4153.670200863413,0.40603390192425215,2439,1
6E1600,BOM-BLR,Business,4696.902756537413,0.08544257592290196,2465,1
6E1601,MAA-SIN,Business,6424.665992510547,0.6130635649046979,2465,0
6E1602,DEL-DXB,Corporate,4551.218852024282,0.4197418193039357,2479,0
6E1603,DEL-BOM,Business,7316.13693790193,0.13246091788532305,2465,0
6E1604,MAA-SIN,Business,1152.7942021239405,0.3647388130886209,2465,1
6E1605,DEL-BOM,Corporate,7281.319785561811,0.033939540693272194,2518,0
6E1606,DEL-DXB,Economy,3694.1301035474107,0.5063223841858834,2558,0
6E1607,BOM-BLR,Economy,7895.268012091046,0.6942764408597163,2556,0
6E1608,MAA-SIN,Corporate,5788.656399268455,0.11147175855811116,2528,0
6E1609,MAA-SIN,Business,5272.587201752568,0.6183979698288136,2475,0
6E1610,DEL-BOM,Business,9998.15555129182,0.580509162537766,2511,0
6E1611,DEL-DXB,Economy,3304.681300409311,0.6662908000640629,2513,1
6E1612,DEL-BOM,Economy,6093.262196121483,0.6739506755044127,2599,0
6E1613,BOM-BLR,Business,6544.19809672228,0.11092085240674883,2471,1
6E1614,BOM-BLR,Corporate,4282.97651634841,0.3166443731720806,2507,0
6E1615,MAA-SIN,Corporate,7592.966795217533,0.6657955677763959,2553,0
6E1616,DEL-BOM,Economy,5496.585176576689,0.06663716344508486,2458,0
6E1617,DEL-BOM,Business,3264.685294416148,0.28825939470087836,2475,1
6E1618,DEL-BOM,Economy,6331.337062643076,0.15395613972973718,2597,1
6E1619,DEL-DXB,Economy,7978.924146200878,0.4977490516422784,2551,0
6E1620,DEL-DXB,Corporate,2886.6575075788983,0.024286579194887067,2529,1
6E1621,MAA-SIN,Corporate,9079.468127067048,0.5292810214838545,2475,0
6E1622,DEL-DXB,Business,3082.3460175970868,0.39863259699545894,2463,0
6E1623,MAA-SIN,Economy,7887.826206549413,0.6801988632667919,2501,0
6E1624,BOM-BLR,Corporate,2919.489476899682,0.49788744811572616,2506,0
6E1625,BOM-BLR,Corporate,5488.143876910418,0.4717767833641509,2480,1
6E1626,DEL-DXB,Corporate,4372.011232399138,0.24372107611521918,2534,0
6E1627,BOM-BLR,Business,7898.9657790045185,0.22377103395910428,2634,0
6E1628,DEL-BOM,Corporate,4419.543182230614,0.049084696281587355,2473,0
6E1629,BOM-BLR,Corporate,5185.477144536426,0.6914696939266628,2567,0
6E1630,DEL-BOM,Business,7412.609738110617,0.13598304930205735,2485,0
6E1631,BOM-BLR,Corporate,7772.928227037883,0.013638630066972956,2426,0
6E1632,BOM-BLR,Business,2822.345371209229,0.0627850769961732,2526,1
6E1633,MAA-SIN,Business,6765.725135237079,0.13091545079076886,2433,1
6E1634,MAA-SIN,Corporate,4960.33136854344,0.2917121224687753,2453,0
6E1635,BOM-BLR,Economy,4554.131311955925,0.4655240128872064,2435,0
6E1636,MAA-SIN,Business,8211.09024994767,0.35262392113482494,2523,0
6E1637,MAA-SIN,Corporate,4456.158770295672,0.6413156629616765,2557,0
6E1638,DEL-BOM,Corporate,3922.0874751014067,0.6352152401959488,2539,1
6E1639,DEL-BOM,Economy,2932.218597473701,0.6429469913234216,2479,0
6E1640,BOM-BLR,Business,4062.449557864291,0.6854621241861196,2519,0
6E1641,DEL-DXB,Business,7876.734294696281,0.4239938269795212,2446,0
6E1642,DEL-DXB,Economy,4472.0057813033745,0.028658793736905174,2488,0
6E1643,MAA-SIN,Business,8955.629953750527,0.17263557329473306,2480,0
6E1644,DEL-DXB,Business,4758.036885098302,0.37248515205048954,2534,0
6E1645,DEL-DXB,Economy,2108.9087640160574,0.05039088854716339,2565,0
6E1646,DEL-DXB,Business,6317.437632024133,0.4029536310365137,2502,0
6E1647,MAA-SIN,Economy,6042.133655601554,0.2042699288963949,2531,0
6E1648,DEL-BOM,Corporate,1026.7642526671216,0.6680761505849484,2477,0
6E1649,DEL-BOM,Economy,7901.545154939915,0.02719969629690967,2452,0
6E1650,DEL-BOM,Economy,5030.5544874338075,0.4041097086076545,2513,0
6E1651,BOM-BLR,Business,9842.910764686614,0.05892051297489972,2482,0
6E1652,BOM-BLR,Economy,3995.8082022438093,0.20107251626342637,2492,1
6E1653,DEL-BOM,Economy,3538.6331183977527,0.22239077639347812,2523,0
6E1654,DEL-DXB,Economy,899.4942467550245,0.587808591600003,2448,0
6E1655,BOM-BLR,Business,3404.332917215886,0.11346722706761393,2487,0
6E1656,MAA-SIN,Business,6976.099956239243,0.5201020962372317,2520,0
6E1657,BOM-BLR,Economy,5430.847803079857,0.5092617272436201,2487,0
6E1658,DEL-DXB,Economy,3638.945695285309,0.07284802647821381,2551,0
6E1659,MAA-SIN,Corporate,4351.603839021069,0.27800554206942973,2504,0
6E1660,BOM-BLR,Economy,7073.06261518059,0.46219361369440004,2458,0
6E1661,DEL-BOM,Business,7155.2937233651455,0.635907702796746,2564,0
6E1662,DEL-DXB,Business,3768.9403048951135,0.47589679036661237,2544,0
6E1663,BOM-BLR,Corporate,1505.0933555170122,0.23985478210505645,2528,0
6E1664,DEL-BOM,Business,6588.385075316521,0.4053003357702456,2483,0
6E1665,DEL-DXB,Business,5290.4757748611255,0.5431287796891014,2540,0
6E1666,BOM-BLR,Economy,6863.1638703878325,0.4517634360704606,2416,0
6E1667,MAA-SIN,Corporate,4505.960190160461,0.27146795303879406,2556,0
6E1668,BOM-BLR,Corporate,3565.632777398674,0.04320010931952889,2495,0
6E1669,DEL-BOM,Business,4631.309654399378,0.19214527488676028,2472,0
6E1670,DEL-DXB,Economy,5066.700879824766,0.16105031971832567,2402,0
6E1671,BOM-BLR,Corporate,2621.583215240989,0.6707725440707369,2514,0
6E1672,DEL-BOM,Corporate,5126.911923142689,0.22431681811162282,2496,0
6E1673,BOM-BLR,Corporate,2575.9142819981835,0.6847456872664351,2516,0
6E1674,BOM-BLR,Economy,4068.1155744549533,0.36460487411346926,2431,0
6E1675,MAA-SIN,Corporate,5728.098182895639,0.6041598546311534,2467,0
6E1676,BOM-BLR,Economy,4053.586883174854,0.139392958658153,2514,0
6E1677,DEL-DXB,Economy,3110.2223636296258,0.2304542719819397,2484,0
6E1678,MAA-SIN,Corporate,3291.51780487617,0.2716629046273793,2495,0
6E1679,DEL-BOM,Economy,2934.418218082137,0.5666215843394821,2496,1
6E1680,BOM-BLR,Business,3559.6114733682566,0.5461996635986052,2480,0
6E1681,MAA-SIN,Corporate,6775.667841091409,0.6406361811282947,2579,0
6E1682,DEL-BOM,Economy,2936.730088908234,0.07642789600233812,2499,0
6E1683,DEL-BOM,Corporate,5073.489964544819,0.5433658085757588,2575,0
6E1684,BOM-BLR,Corporate,5432.391762631867,0.2663392635201469,2439,1
6E1685,DEL-DXB,Economy,6995.329413306273,0.6223285905636585,2460,0
6E1686,MAA-SIN,Business,10187.307171704477,0.662901615425458,2647,1
6E1687,DEL-BOM,Business,4832.127276164701,0.2505557405576896,2551,0
6E1688,MAA-SIN,Economy,3776.6236666676778,0.6618910504813943,2524,0
6E1689,DEL-DXB,Corporate,4335.542418363645,0.04400211118979077,2547,0
6E1690,MAA-SIN,Business,2200.445302818949,0.00013234117608571514,2533,0
6E1691,DEL-DXB,Corporate,7068.772543461053,0.12196062162910305,2573,1
6E1692,DEL-BOM,Corporate,4250.281382268886,0.5763585433997196,2464,0
6E1693,DEL-DXB,Corporate,5088.452605173725,0.005751911727025327,2580,0
6E1694,DEL-DXB,Economy,4657.121263287689,0.4022975838342416,2518,1
6E1695,BOM-BLR,Business,7793.280566265061,0.5675822959715177,2387,0
6E1696,DEL-BOM,Economy,3318.8869234626745,0.11107670826196561,2489,0
6E1697,MAA-SIN,Corporate,4091.4023694127222,0.3134711604689279,2440,0
6E1698,MAA-SIN,Economy,4786.216647679074,0.1939044116103341,2514,1
6E1699,MAA-SIN,Corporate,3241.772407319082,0.3769684578522329,2373,0
6E1700,MAA-SIN,Corporate,2034.7143355090475,0.2180654222365183,2474,0
6E1701,MAA-SIN,Corporate,5671.361507476734,0.35332543762811175,2398,0
6E1702,MAA-SIN,Business,7282.129466997449,0.2864471227562113,2593,0
6E1703,BOM-BLR,Economy,1976.3929297956988,0.3907594742729267,2483,0
6E1704,DEL-DXB,Business,5549.00376539714,0.6327613637772591,2559,0
6E1705,DEL-BOM,Corporate,7974.464817128839,0.03606024742417421,2490,0
6E1706,BOM-BLR,Business,3602.5616652517474,0.48367476185089264,2557,0
6E1707,MAA-SIN,Business,4721.215362573471,0.6113876804053394,2550,0
6E1708,BOM-BLR,Economy,3905.9840842967396,0.1469151269325402,2499,0
6E1709,MAA-SIN,Business,3461.8521998806914,0.44525454191771124,2467,1
6E1710,BOM-BLR,Corporate,8057.151535594183,0.15275269614633868,2457,1
6E1711,BOM-BLR,Economy,5093.6830936247225,0.17682522965481817,2517,1
6E1712,MAA-SIN,Business,5114.83445554393,0.5873377401499804,2437,0
6E1713,DEL-BOM,Economy,7431.658851470414,0.10627367933804148,2540,0
6E1714,BOM-BLR,Business,4449.192074426112,0.1104859007070595,2481,0
6E1715,DEL-DXB,Business,3195.1679063413544,0.5096271207653849,2557,0
6E1716,DEL-DXB,Economy,7636.103453301872,0.5994877828322823,2502,0
6E1717,BOM-BLR,Business,7046.913041244574,0.46184941988748096,2414,0
6E1718,DEL-DXB,Economy,6334.06383943826,0.5685035807475871,2483,0
6E1719,MAA-SIN,Business,4659.328119654798,0.4143089827285167,2615,0
6E1720,BOM-BLR,Economy,8338.728588363447,0.12361894126401364,2522,0
6E1721,BOM-BLR,Business,3242.970808411378,0.4612474812046006,2543,1
6E1722,BOM-BLR,Economy,7347.601176343564,0.21008633470758847,2501,0
6E1723,BOM-BLR,Corporate,6781.340436279497,0.5405654335662131,2539,0
6E1724,MAA-SIN,Economy,9754.145933164076,0.23951348545210818,2454,0
6E1725,DEL-DXB,Corporate,3995.2636228267806,0.34457188323788235,2456,0
6E1726,DEL-DXB,Business,3422.667068943574,0.6984835952915558,2515,0
6E1727,MAA-SIN,Business,5518.149890663576,0.11552197913799385,2593,1
6E1728,DEL-DXB,Corporate,6088.623329514503,0.28550728369314254,2542,1
6E1729,DEL-BOM,Corporate,4261.88878247548,0.11976073615313558,2543,0
6E1730,DEL-BOM,Economy,11631.452803497988,0.6766620009251917,2480,0
6E1731,DEL-DXB,Business,6104.3505872444875,0.4108277546839569,2460,0
6E1732,DEL-DXB,Corporate,7254.838386550464,0.6896646038692223,2553,0
6E1733,MAA-SIN,Corporate,4375.029247464861,0.09270714502684003,2453,1
6E1734,BOM-BLR,Economy,5501.642121363371,0.6380539346653886,2467,0
6E1735,DEL-DXB,Business,5709.059260296636,0.13664285372844617,2444,0
6E1736,DEL-BOM,Economy,4728.213645501544,0.28609094569504356,2511,1
6E1737,BOM-BLR,Corporate,8406.570381100933,0.08048774358906485,2488,0
6E1738,DEL-DXB,Corporate,9582.857469697885,0.3600621655961266,2547,0
6E1739,BOM-BLR,Corporate,7265.300592416383,0.6530889997345234,2399,1
6E1740,DEL-BOM,Economy,4455.393681689844,0.6397961305670555,2447,0
6E1741,DEL-BOM,Business,1989.6664762508458,0.4029881036496074,2425,0
6E1742,BOM-BLR,Business,5778.12584819018,0.4336056332056995,2584,0
6E1743,BOM-BLR,Business,5033.445491862129,0.3237937172071979,2539,0
6E1744,DEL-DXB,Corporate,5294.40511899224,0.4975518842409649,2492,0
6E1745,DEL-DXB,Corporate,5829.280348195043,0.2159579852466898,2521,0
6E1746,BOM-BLR,Business,5544.267526393793,0.2514816712909438,2465,0
6E1747,DEL-DXB,Business,7625.4014350261405,0.5068427932853915,2563,0
6E1748,DEL-BOM,Business,3715.4555265159224,0.5385207580643274,2479,1
6E1749,BOM-BLR,Economy,5505.56853176073,0.3963932517720707,2476,0
6E1750,DEL-DXB,Economy,2227.518611565362,0.1679038605976702,2454,0
6E1751,BOM-BLR,Economy,7695.4029929639255,0.04898806963460671,2387,1
6E1752,MAA-SIN,Business,5220.031052333081,0.1663259995952506,2555,0
6E1753,DEL-DXB,Business,5658.898439417982,0.3141488167173803,2472,0
6E1754,DEL-BOM,Business,7339.278659151571,0.5812135716586205,2565,0
6E1755,DEL-BOM,Corporate,4786.556820504352,0.17848021845199283,2517,0
6E1756,DEL-BOM,Corporate,4120.607583593135,0.012425484053017754,2584,0
6E1757,DEL-DXB,Business,4961.006261137831,0.13348386159654765,2506,0
6E1758,DEL-BOM,Corporate,5972.631360640791,0.6073018201647107,2598,0
6E1759,BOM-BLR,Corporate,896.6779871486269,0.11017518980885933,2530,1
6E1760,BOM-BLR,Corporate,4371.208974061232,0.6660023683783537,2488,0
6E1761,BOM-BLR,Corporate,5524.927750621423,0.37676884661850235,2442,0
6E1762,MAA-SIN,Corporate,4955.558759717299,0.6088713367587889,2429,0
6E1763,MAA-SIN,Economy,2053.7366875051307,0.5211899762368063,2492,0
6E1764,DEL-DXB,Business,7492.650346207118,0.10649167934036996,2469,1
6E1765,MAA-SIN,Business,7663.5391887617925,0.05302442215285882,2503,0
6E1766,BOM-BLR,Economy,4170.196191707802,0.1674426081553773,2419,0
6E1767,MAA-SIN,Corporate,10880.857528999815,0.661601331225502,2435,0
6E1768,MAA-SIN,Corporate,4013.674056253653,0.39103025539955255,2508,0
6E1769,MAA-SIN,Corporate,4000.5238419987736,0.6002133286137613,2494,0
6E1770,BOM-BLR,Economy,5750.036839921309,0.697109987494579,2444,0
6E1771,MAA-SIN,Business,5030.468465273947,0.6325490885891409,2509,0
6E1772,DEL-BOM,Business,3628.742466916001,0.36546484438397503,2507,0
6E1773,DEL-BOM,Corporate,4953.506003564636,0.6347321787533079,2472,1
6E1774,DEL-DXB,Business,3179.7737049558414,0.22571705694539712,2529,1
6E1775,BOM-BLR,Business,3947.267852221589,0.17795528408081523,2493,1
6E1776,DEL-DXB,Corporate,3717.0765794468734,0.2536980292941215,2571,0
6E1777,BOM-BLR,Corporate,2297.788742623229,0.536515707031185,2461,0
6E1778,DEL-DXB,Corporate,1859.3848742063874,0.3319047929076344,2511,0
6E1779,DEL-BOM,Economy,4610.28320666786,0.3888668161110815,2504,0
6E1780,DEL-BOM,Business,5855.54551345041,0.31134444752212465,2478,0
6E1781,DEL-DXB,Corporate,4935.592809118065,0.5561544110702737,2537,0
6E1782,DEL-BOM,Economy,4512.472714929528,0.61367663593933,2440,1
6E1783,DEL-DXB,Business,8469.664902811706,0.1673554863256177,2540,0
6E1784,DEL-DXB,Economy,3929.2909705394163,0.4088930941425678,2569,0
6E1785,DEL-DXB,Corporate,4482.447997917573,0.3854387527210655,2547,0
6E1786,DEL-BOM,Business,5324.248955829627,0.16968048005004716,2429,0
6E1787,DEL-BOM,Business,3326.94298434406,0.2671830388758687,2467,0
6E1788,MAA-SIN,Corporate,5221.747717535241,0.6500568409130396,2430,0
6E1789,DEL-DXB,Corporate,3326.4280179555076,0.07259260938649768,2679,0
6E1790,DEL-BOM,Corporate,5308.151892180717,0.5888543796196847,2540,0
6E1791,DEL-BOM,Corporate,6410.259277065943,0.5697229481092819,2459,1
6E1792,BOM-BLR,Economy,3541.569944860731,0.15241816756022292,2494,0
6E1793,MAA-SIN,Economy,3267.885212302621,0.05166253077329347,2383,0
6E1794,MAA-SIN,Corporate,4320.304580244397,0.4360950517789763,2601,0
6E1795,BOM-BLR,Economy,6348.634803750147,0.5680543601637437,2510,0
6E1796,DEL-DXB,Economy,5721.246386192579,0.016231497966342424,2448,1
6E1797,BOM-BLR,Business,8215.301416188653,0.6086557827506262,2501,0
6E1798,DEL-DXB,Corporate,7918.688364442723,0.4376397584090044,2523,0
6E1799,DEL-BOM,Economy,5518.914051490238,0.21608641712686433,2563,0
6E1800,MAA-SIN,Economy,4251.866794625385,0.2909072444877354,2541,0
6E1801,MAA-SIN,Corporate,5713.568175176391,0.5953037613227884,2434,0
6E1802,DEL-BOM,Business,3906.9598848628366,0.5630407503703048,2450,1
6E1803,BOM-BLR,Corporate,5697.049319859805,0.2496687178282195,2620,1
6E1804,DEL-DXB,Corporate,4496.013973468159,0.6952093347333256,2482,0
6E1805,BOM-BLR,Business,5850.939248139919,0.5450941651273616,2465,0
6E1806,DEL-BOM,Corporate,4969.13513600641,0.027509104436615636,2573,0
6E1807,BOM-BLR,Corporate,5592.187935561736,0.4331488285893519,2532,0
6E1808,DEL-BOM,Economy,2295.5114316434315,0.35290842842766335,2544,1
6E1809,DEL-BOM,Corporate,5655.47590604031,0.11372620097646385,2522,0
6E1810,BOM-BLR,Economy,3794.008773251502,0.426637668895174,2519,0
6E1811,DEL-DXB,Corporate,3949.8479056942288,0.5214266035711335,2473,0
6E1812,BOM-BLR,Economy,6455.4418360402515,0.2657259332960356,2541,0
6E1813,DEL-BOM,Corporate,6679.423561464118,0.19892016817013247,2449,0
6E1814,DEL-BOM,Economy,4002.9211359253004,0.24018983157833523,2496,0
6E1815,DEL-BOM,Business,3758.532233844249,0.16982652314246363,2438,0
6E1816,MAA-SIN,Business,6161.983722240635,0.5215369958497312,2449,0
6E1817,DEL-BOM,Business,-437.1743744301657,0.2818245841123497,2535,0
6E1818,MAA-SIN,Corporate,3390.9895932355585,0.6879259046246479,2472,1
6E1819,DEL-DXB,Corporate,5705.130361969816,0.5628118021926907,2600,0
6E1820,BOM-BLR,Corporate,4570.618999670834,0.23290106813444372,2594,0
6E1821,BOM-BLR,Corporate,6679.146238082512,0.21325007095560328,2433,0
6E1822,MAA-SIN,Business,2839.5871700682223,0.590915867512507,2513,0
6E1823,DEL-DXB,Business,6001.836541281512,0.15687586780359733,2520,0
6E1824,DEL-DXB,Business,4843.693602829925,0.6988601356673934,2519,0
6E1825,BOM-BLR,Business,4525.781534956283,0.3259877715169973,2505,0
6E1826,BOM-BLR,Business,6077.538587333283,0.11049670441914833,2443,0
6E1827,DEL-BOM,Business,3120.7921817581155,0.3714999530631318,2561,1
6E1828,BOM-BLR,Corporate,4235.800659851378,0.09658516451564747,2552,0
6E1829,MAA-SIN,Corporate,5488.390227077044,0.6276754517082974,2524,1
6E1830,MAA-SIN,Business,7192.33026639835,0.289226763689158,2487,0
6E1831,BOM-BLR,Economy,3824.8475001924044,0.05954822362431893,2497,1
6E1832,MAA-SIN,Business,4186.045851303332,0.6880309216304504,2461,0
6E1833,DEL-DXB,Business,6572.396674029542,0.4868470995089534,2530,0
6E1834,MAA-SIN,Economy,2294.6486997119596,0.4678616545981778,2478,0
6E1835,DEL-DXB,Economy,5222.464690161911,0.6177052168975486,2565,1
6E1836,MAA-SIN,Economy,5526.062471841132,0.6419592675574229,2489,1
6E1837,DEL-DXB,Economy,8178.944541241355,0.4777686646354475,2509,0
6E1838,DEL-DXB,Economy,4316.109088303229,0.26539804504288766,2516,1
6E1839,DEL-BOM,Economy,3098.8343182066365,0.6315268944487932,2569,0
6E1840,DEL-BOM,Corporate,2999.3268043293792,0.6000745853984824,2560,0
6E1841,DEL-DXB,Corporate,2973.496691396487,0.1257608843292048,2473,1
6E1842,DEL-BOM,Economy,4279.630661766786,0.5351449377330473,2558,0
6E1843,BOM-BLR,Corporate,3862.218845749976,0.6849834390126789,2446,0
6E1844,DEL-BOM,Economy,1621.4042257393207,0.3252043694843698,2547,1
6E1845,MAA-SIN,Corporate,7651.33210398848,0.2641855288886802,2501,1
6E1846,BOM-BLR,Business,3088.8836408438256,0.5352501113272137,2540,0
6E1847,BOM-BLR,Economy,7137.727819974735,0.18116830122682268,2516,0
6E1848,DEL-BOM,Business,1843.008971671723,0.3132457245953077,2467,0
6E1849,MAA-SIN,Economy,4499.606596020578,0.27241562451199947,2558,0
6E1850,MAA-SIN,Corporate,5740.41611367571,0.23395207492982148,2516,0
6E1851,DEL-DXB,Corporate,6910.118873970344,0.60433101399486,2453,0
6E1852,BOM-BLR,Business,3536.4098489316584,0.6503145016941706,2512,0
6E1853,DEL-DXB,Economy,4924.653754410244,0.5666495342210129,2494,1
6E1854,MAA-SIN,Corporate,2551.074764833027,0.15554440374030354,2505,0
6E1855,DEL-BOM,Economy,7093.163604184263,0.2706363166376156,2433,1
6E1856,MAA-SIN,Corporate,3569.701830579641,0.18827170643999547,2425,0
6E1857,BOM-BLR,Corporate,4226.195909642904,0.33283987834486656,2550,0
6E1858,MAA-SIN,Economy,5450.39239195096,0.6517508173514488,2535,0
6E1859,DEL-DXB,Corporate,5056.227768784313,0.08433972719850615,2538,0
6E1860,MAA-SIN,Business,5040.6491432261555,0.03912591857725362,2523,0
6E1861,DEL-DXB,Business,5845.23728203836,0.32915590242780024,2569,0
6E1862,MAA-SIN,Corporate,5204.713078313526,0.5434349299406519,2489,0
6E1863,BOM-BLR,Business,3244.660157169561,0.4215326213796417,2554,1
6E1864,BOM-BLR,Economy,2193.2611027189164,0.5085015616799754,2490,1
6E1865,DEL-BOM,Business,5220.603406133095,0.0788101367504797,2409,0
6E1866,DEL-DXB,Corporate,6022.709066013082,0.2565460566106229,2561,0
6E1867,DEL-BOM,Business,7293.394514733547,0.4862950923987928,2537,0
6E1868,DEL-DXB,Business,6196.077362453774,0.348077139917908,2472,0
6E1869,DEL-BOM,Economy,1847.0741182283655,0.6095134243296745,2457,1
6E1870,BOM-BLR,Economy,4344.606637855362,0.48119960561412467,2510,0
6E1871,DEL-DXB,Economy,739.1392041904492,0.35584305134611954,2460,0
6E1872,MAA-SIN,Economy,5278.427665950712,0.6274001771562795,2555,1
6E1873,DEL-DXB,Corporate,5312.3872644419,0.6950928386218619,2487,0
6E1874,BOM-BLR,Business,5508.658229625451,0.08961796323542248,2566,1
6E1875,DEL-BOM,Business,8832.36789644496,0.6782569866291408,2481,1
6E1876,DEL-BOM,Corporate,3065.5326747887257,0.3998459639736945,2543,0
6E1877,BOM-BLR,Corporate,6890.100343669261,0.6103540775100861,2450,0
6E1878,BOM-BLR,Corporate,3129.726969894266,0.385003983336817,2517,0
6E1879,DEL-BOM,Business,6179.69445510191,0.6341583241144694,2444,0
6E1880,DEL-BOM,Economy,3234.3596035166074,0.6082873825389833,2528,0
6E1881,BOM-BLR,Business,7760.229229129644,0.4115034083504532,2526,0
6E1882,BOM-BLR,Business,5396.149111458602,0.5388134128479348,2507,0
6E1883,BOM-BLR,Business,3338.0773324757383,0.606424905494485,2540,1
6E1884,DEL-BOM,Corporate,1398.8154733276097,0.18629880250814226,2483,1
6E1885,DEL-DXB,Economy,3913.5061881462316,0.42767164255677376,2510,0
6E1886,MAA-SIN,Business,905.7309385374851,0.6331538470436167,2527,0
6E1887,BOM-BLR,Business,5585.496685518541,0.01759037327147249,2479,0
6E1888,BOM-BLR,Business,2650.8082415479416,0.11535863635106423,2395,0
6E1889,BOM-BLR,Corporate,4706.700838440434,0.42963131737857196,2539,1
6E1890,MAA-SIN,Economy,7196.033732369902,0.336153794087642,2440,0
6E1891,MAA-SIN,Corporate,7453.660853800584,0.2645588198127007,2486,0
6E1892,BOM-BLR,Corporate,3832.0522049230412,0.6209126959708984,2561,0
6E1893,MAA-SIN,Corporate,10649.707449050136,0.07466216773996485,2567,1
6E1894,DEL-DXB,Economy,4678.100628853454,0.43431749409894754,2526,1
6E1895,MAA-SIN,Economy,7057.93220731732,0.4846846352924364,2436,0
6E1896,MAA-SIN,Economy,5329.8844009780505,0.6246823791771536,2532,0
6E1897,MAA-SIN,Business,3562.5139534621217,0.3189893493583273,2460,0
6E1898,DEL-BOM,Economy,3234.3310817970905,0.41273439813587465,2516,1
6E1899,DEL-DXB,Business,3347.0029874396478,0.33272800317859824,2493,1
6E1900,BOM-BLR,Business,7149.2414940693525,0.4953614979439956,2528,1
6E1901,MAA-SIN,Economy,2387.194621321469,0.06559415289660267,2500,0
6E1902,BOM-BLR,Economy,5159.1785966826865,0.12545590243853819,2427,1
6E1903,DEL-DXB,Business,2688.1031363219754,0.3186894922155746,2587,1
6E1904,DEL-DXB,Business,7038.427839061112,0.5067872111410903,2513,0
6E1905,BOM-BLR,Business,2264.8046460526803,0.4649363591164199,2629,1
6E1906,DEL-DXB,Business,4155.190279731284,0.27840600916458885,2576,0
6E1907,DEL-BOM,Business,3296.0819780179672,0.38557483357744793,2609,0
6E1908,DEL-BOM,Business,7993.293439424086,0.3255879759802661,2372,0
6E1909,BOM-BLR,Corporate,4661.897950700682,0.03630455885994942,2536,1
6E1910,DEL-DXB,Economy,2315.745722253529,0.19138139161674275,2521,0
6E1911,BOM-BLR,Corporate,4295.40535176621,0.3818476507243925,2532,0
6E1912,DEL-BOM,Corporate,6392.537242657896,0.4081505182744548,2480,0
6E1913,BOM-BLR,Corporate,5007.716159732145,0.4056342237990748,2545,0
6E1914,DEL-BOM,Business,1278.616086262955,0.363173644274474,2499,0
6E1915,DEL-DXB,Economy,6698.345743363744,0.11613807107264398,2544,0
6E1916,BOM-BLR,Corporate,4513.57260203247,0.03156997845887217,2485,0
6E1917,MAA-SIN,Economy,4065.44010981795,0.3057116296583611,2564,0
6E1918,DEL-DXB,Corporate,8646.627888285946,0.6170689469070053,2438,0
6E1919,BOM-BLR,Business,6356.610186952403,0.617437528821568,2528,1
6E1920,BOM-BLR,Economy,6911.404033591138,0.659787477594897,2416,0
6E1921,MAA-SIN,Economy,6949.3138822327965,0.31848815024681176,2542,0
6E1922,MAA-SIN,Corporate,7083.165465149001,0.6224873075277007,2433,0
6E1923,MAA-SIN,Business,2199.2659704060766,0.5370475432121431,2522,0
6E1924,BOM-BLR,Economy,5383.910880526302,0.1252401848899885,2563,0
6E1925,DEL-DXB,Business,7043.107509699276,0.12419729300042932,2440,0
6E1926,BOM-BLR,Corporate,3988.9211304613655,0.1294036933270033,2471,0
6E1927,BOM-BLR,Economy,7484.323875351518,0.14732343149180696,2457,0
6E1928,DEL-DXB,Business,6447.631463450307,0.16209215203372607,2489,1
6E1929,MAA-SIN,Economy,3986.7332876523587,0.550360460991339,2492,0
6E1930,DEL-BOM,Corporate,7151.217109267904,0.08061830228986801,2523,0
6E1931,DEL-BOM,Business,6988.789959151132,0.6653643104023126,2405,1
6E1932,MAA-SIN,Economy,4259.255588887702,0.470260908705516,2507,0
6E1933,DEL-BOM,Business,7239.776732377772,0.08226654384537456,2498,0
6E1934,DEL-BOM,Economy,6044.130964460813,0.46436436272799325,2460,0
6E1935,BOM-BLR,Corporate,8006.836797552932,0.3369531102289248,2381,0
6E1936,DEL-DXB,Corporate,5436.385173532828,0.2592205790870253,2468,1
6E1937,MAA-SIN,Business,3145.041414978344,0.19250086910765365,2479,0
6E1938,DEL-BOM,Corporate,6633.41088800132,0.5772687096255553,2488,0
6E1939,DEL-DXB,Economy,2308.994071180651,0.4445653006401836,2544,0
6E1940,BOM-BLR,Business,2067.6452922458266,0.25318568366480126,2559,0
6E1941,BOM-BLR,Business,6902.257333362219,0.6605849783664766,2490,1
6E1942,DEL-DXB,Corporate,6034.726927084708,0.45635971847029294,2483,1
6E1943,DEL-BOM,Business,6590.246186939572,0.06431498670595187,2497,1
6E1944,BOM-BLR,Business,5439.425805018329,0.08289082371001937,2509,0
6E1945,BOM-BLR,Corporate,1702.6477902333354,0.5387370022366597,2505,1
6E1946,DEL-BOM,Economy,7483.618024333477,0.30924860462336334,2518,0
6E1947,MAA-SIN,Corporate,4480.859016766367,0.14701799542161334,2500,0
6E1948,DEL-BOM,Economy,1851.0406652956754,0.6184737114952709,2398,1
6E1949,DEL-BOM,Economy,1041.286949628206,0.26979157365989015,2465,0
6E1950,MAA-SIN,Economy,4284.900605334991,0.5385208468393073,2495,0
6E1951,BOM-BLR,Corporate,3897.8233228337967,0.6233302249531889,2498,1
6E1952,DEL-BOM,Corporate,8662.409015089936,0.5560383878999404,2470,1
6E1953,DEL-DXB,Economy,5744.265907111679,0.15172839815651284,2485,1
6E1954,DEL-BOM,Corporate,6030.904928324887,0.004185657874086812,2459,1
6E1955,MAA-SIN,Economy,8231.32422447465,0.2746426641328949,2505,1
6E1956,BOM-BLR,Economy,6072.401752026707,0.3634845475065326,2456,1
6E1957,DEL-DXB,Business,4421.352645184412,0.36538771641488044,2453,0
6E1958,DEL-BOM,Economy,2912.4074849752346,0.17756219729296843,2552,0
6E1959,DEL-DXB,Business,5946.076973781282,0.012491974622673473,2433,0
6E1960,DEL-DXB,Economy,4521.482193424165,0.3975639117713758,2487,1
6E1961,BOM-BLR,Business,7549.890177554711,0.12172330992370081,2575,0
6E1962,MAA-SIN,Economy,6012.0814138438445,0.23623412594939,2538,0
6E1963,DEL-BOM,Corporate,4872.921379804858,0.2228038446489673,2465,0
6E1964,DEL-DXB,Business,4878.777793711646,0.10935365979636531,2491,0
6E1965,DEL-DXB,Economy,5998.457775282484,0.6050350596144267,2430,1
6E1966,DEL-DXB,Corporate,7832.282657817648,0.03028863046733955,2454,0
6E1967,BOM-BLR,Corporate,5990.045581089293,0.5722304118020985,2590,1
6E1968,MAA-SIN,Economy,8457.59938047104,0.1518211552467815,2564,0
6E1969,DEL-DXB,Business,1280.7922186700557,0.36247653200057006,2490,0
6E1970,DEL-BOM,Corporate,6624.743052445909,0.41132137361248655,2591,0
6E1971,DEL-BOM,Economy,4255.821784268567,0.14481223797118553,2502,0
6E1972,MAA-SIN,Corporate,2102.6254659490323,0.029760584332038018,2503,0
6E1973,DEL-DXB,Corporate,5906.6146042487935,0.011709583164848048,2522,0
6E1974,MAA-SIN,Economy,4790.756168054065,0.06083665823271059,2552,1
6E1975,BOM-BLR,Corporate,8098.44671471057,0.3855061740386487,2480,0
6E1976,MAA-SIN,Economy,3643.390414668629,0.32344594736707755,2504,0
6E1977,MAA-SIN,Corporate,5144.831092641736,0.02822033111719052,2610,0
6E1978,BOM-BLR,Business,8282.828458628019,0.31589374542868626,2477,1
6E1979,DEL-BOM,Business,4741.353502701971,0.15772616253389155,2513,0
6E1980,MAA-SIN,Business,3485.3695783605176,0.002822384512796394,2561,0
6E1981,DEL-BOM,Economy,6255.166953728837,0.2773507722116715,2547,0
6E1982,MAA-SIN,Corporate,5053.993498716092,0.21967170748824233,2548,0
6E1983,MAA-SIN,Corporate,6591.316981041529,0.2373707632920544,2524,1
6E1984,BOM-BLR,Corporate,6924.9044849853835,0.2517741424367835,2447,0
6E1985,MAA-SIN,Business,5371.334837750953,0.30302892688241584,2470,0
6E1986,DEL-BOM,Business,4681.765816707088,0.4272768731256011,2543,1
6E1987,BOM-BLR,Corporate,1587.8956250090564,0.6706734615747546,2566,1
6E1988,DEL-BOM,Corporate,4691.102675323975,0.27371572882244416,2490,0
6E1989,MAA-SIN,Business,5825.743034108431,0.21388072494549362,2438,1
6E1990,BOM-BLR,Business,4311.245290729271,0.09894383738450693,2474,1
6E1991,DEL-BOM,Corporate,2067.8944964706484,0.5163232970999502,2447,0
6E1992,DEL-DXB,Business,5843.317940406201,0.5216899276802768,2478,0
6E1993,BOM-BLR,Economy,7331.661946879236,0.6096136754032854,2405,0
6E1994,DEL-BOM,Business,4917.955845769515,0.29738665082327714,2530,0
6E1995,DEL-BOM,Economy,6712.856226004835,0.06329961272355616,2543,0
6E1996,BOM-BLR,Economy,7082.953490475389,0.2195779980019205,2539,1
6E1997,MAA-SIN,Economy,3899.6415649058495,0.1807974995181916,2482,1
6E1998,DEL-BOM,Economy,3347.2885141262655,0.10109036440634964,2506,1
6E1999,DEL-DXB,Economy,3671.907735882357,0.41140907005170174,2511,0
6E2000,DEL-DXB,Business,3439.0027733059273,0.6999242959284206,2509,1
6E2001,MAA-SIN,Economy,3851.021717519654,0.5399352357843312,2584,1
6E2002,DEL-DXB,Corporate,5791.440820348689,0.44661485277959895,2518,0
6E2003,BOM-BLR,Business,5707.154764009185,0.5526042653246351,2536,0
6E2004,BOM-BLR,Economy,1779.1166972594874,0.48009504099436306,2442,0
6E2005,BOM-BLR,Business,7057.975771460166,0.6133041651375721,2534,0
6E2006,DEL-DXB,Business,4352.399111125486,0.18931040820091471,2571,0
6E2007,MAA-SIN,Economy,1065.486097992909,0.5455070396769908,2567,1
6E2008,DEL-DXB,Economy,5637.251916979673,0.019885610705020394,2546,0
6E2009,MAA-SIN,Business,3445.540933628954,0.09024253935492235,2475,0
6E2010,BOM-BLR,Business,3526.7706829057743,0.5688081300328233,2478,0
6E2011,DEL-DXB,Business,2589.459803858904,0.0414437817663528,2508,0
6E2012,MAA-SIN,Corporate,-11.709924285793022,0.5167278290268492,2399,0
6E2013,DEL-BOM,Business,4646.713249834837,0.012495981931271237,2547,0
6E2014,DEL-BOM,Corporate,3809.071296279122,0.5937128769401271,2543,0
6E2015,MAA-SIN,Corporate,5403.360489988373,0.097218500661374,2442,0
6E2016,MAA-SIN,Corporate,2572.3167160785756,0.04267338807609522,2548,0
6E2017,MAA-SIN,Business,4970.586146901427,0.12301898219006094,2554,0
6E2018,BOM-BLR,Corporate,3716.4599914045557,0.29736902319642083,2518,1
6E2019,MAA-SIN,Economy,3492.098870259253,0.21056932709355194,2409,1
6E2020,BOM-BLR,Corporate,1328.3764328038656,0.5194764387654748,2470,0
6E2021,BOM-BLR,Corporate,4923.887552717464,0.2182614445821202,2468,0
6E2022,MAA-SIN,Economy,3313.7027282465715,0.3559051897628889,2492,0
6E2023,DEL-DXB,Economy,4905.746522919407,0.6391665872705079,2437,0
6E2024,BOM-BLR,Corporate,6576.062932466452,0.5268828043220593,2447,0
6E2025,DEL-BOM,Economy,534.8430678134882,0.096321278284804,2521,0
6E2026,DEL-DXB,Corporate,4796.136948259917,0.47604247595577953,2535,0
6E2027,DEL-DXB,Corporate,6397.645255097657,0.3135108635345418,2586,0
6E2028,DEL-DXB,Business,3361.3574516895096,0.4435091267814444,2513,0
6E2029,DEL-DXB,Business,3435.3582383739363,0.4869269525697557,2464,0
6E2030,DEL-BOM,Economy,5565.340814693361,0.5316906359670205,2534,0
6E2031,BOM-BLR,Business,5160.290646865581,0.36087685008885945,2472,0
6E2032,DEL-BOM,Corporate,3563.1993536052887,0.0031435796209452914,2397,1
6E2033,BOM-BLR,Corporate,4901.008704123598,0.22499981957444032,2452,0
6E2034,DEL-DXB,Corporate,5382.410097762201,0.14309339706386814,2509,0
6E2035,BOM-BLR,Economy,3991.2941854502137,0.6641648281269135,2553,0
6E2036,DEL-BOM,Business,1547.6016916773165,0.2710158138782221,2463,0
6E2037,DEL-BOM,Business,2590.8391725135584,0.3587292029932916,2524,0
6E2038,MAA-SIN,Economy,4972.818931879439,0.16953633441633081,2527,0
6E2039,DEL-DXB,Corporate,3727.799325409336,0.299681365346836,2515,0
6E2040,MAA-SIN,Corporate,2134.8890130727636,0.2900579874078076,2525,1
6E2041,MAA-SIN,Business,7064.838263514554,0.0153414000825974,2450,0
6E2042,DEL-BOM,Business,5339.506176761981,0.27824592164573997,2530,0
6E2043,MAA-SIN,Economy,5013.388894377407,0.10106804151627019,2568,1
6E2044,BOM-BLR,Business,5268.622795744319,0.4462552590664777,2501,1
6E2045,DEL-DXB,Economy,4859.47192202747,0.2627948085634424,2426,0
6E2046,BOM-BLR,Business,2997.4583650233785,0.11855619296164631,2517,0
6E2047,MAA-SIN,Corporate,2932.9973896165666,0.5491311797761362,2542,0
6E2048,MAA-SIN,Economy,5891.284889270999,0.25966733106706424,2515,0
6E2049,BOM-BLR,Economy,7131.988371998487,0.41809730090747066,2514,0
6E2050,DEL-BOM,Business,4482.312408318791,0.5959861104863078,2509,1
6E2051,MAA-SIN,Corporate,10671.320516146981,0.6769105685593122,2591,0
6E2052,DEL-DXB,Economy,3552.9947232969316,0.5871806650283731,2557,1
6E2053,DEL-DXB,Economy,5106.926615628242,0.669746590594973,2468,0
6E2054,MAA-SIN,Economy,7642.563899299474,0.045225632572008956,2501,1
6E2055,BOM-BLR,Business,-450.5300824182423,0.6856702415009451,2551,0
6E2056,BOM-BLR,Business,2411.1456999518323,0.47840423307288443,2509,0
6E2057,BOM-BLR,Corporate,5047.412019923568,0.06482588992695255,2490,0
6E2058,BOM-BLR,Corporate,5754.067517203624,0.3505393979321697,2584,0
6E2059,MAA-SIN,Business,3916.8818784406376,0.669651174643405,2486,0
6E2060,DEL-BOM,Economy,4040.279171209314,0.3487015697574722,2549,1
6E2061,DEL-DXB,Corporate,4067.987781147614,0.6999471301534786,2567,0
6E2062,MAA-SIN,Economy,2710.502766453234,0.578813454247602,2526,0
6E2063,MAA-SIN,Economy,3765.3914718955157,0.20330672254393156,2520,0
6E2064,BOM-BLR,Business,6549.100177791688,0.483987411958636,2496,0
6E2065,MAA-SIN,Economy,7289.998722090337,0.6380946752220981,2518,0
6E2066,MAA-SIN,Economy,2168.7667716875258,0.5335534340569323,2473,0
6E2067,BOM-BLR,Corporate,8656.774957217105,0.6329393651142823,2492,0
6E2068,DEL-BOM,Economy,4968.236172963935,0.33109477952895827,2430,0
6E2069,DEL-DXB,Business,4202.684985586765,0.5963736849012229,2501,1
6E2070,MAA-SIN,Economy,5571.799625881888,0.11673108009725607,2519,0
6E2071,MAA-SIN,Corporate,5237.112452541801,0.3479023870897254,2494,1
6E2072,DEL-BOM,Business,2128.507730883132,0.5092784782076157,2495,0
6E2073,BOM-BLR,Economy,5291.541422889531,0.6716552600829002,2625,0
6E2074,DEL-BOM,Economy,2079.090079588609,0.174911235406722,2520,0
6E2075,DEL-BOM,Business,3983.485853821557,0.06373787354651737,2526,0
6E2076,BOM-BLR,Corporate,1749.3088345859683,0.1664683850199515,2531,0
6E2077,DEL-BOM,Business,1420.3282084814768,0.5263398711875733,2534,0
6E2078,DEL-BOM,Business,4964.976660696265,0.6121273359424103,2502,1
6E2079,MAA-SIN,Business,6814.622796949911,0.27963314611068835,2547,0
6E2080,DEL-BOM,Corporate,7599.4367715266235,0.24254819609006215,2548,1
6E2081,MAA-SIN,Economy,5564.041846854893,0.24857727584324957,2418,0
6E2082,DEL-BOM,Corporate,7650.242530082023,0.4259555825527789,2528,1
6E2083,BOM-BLR,Business,5794.336070665346,0.07592833408233488,2485,0
6E2084,DEL-DXB,Corporate,5398.171001156479,0.5480078239228127,2539,0
6E2085,BOM-BLR,Business,4769.366442077403,0.15385557053487575,2519,1
6E2086,MAA-SIN,Business,6823.682321044758,0.3556579034563577,2529,0
6E2087,BOM-BLR,Economy,3220.3615683181624,0.5141432829001558,2507,0
6E2088,MAA-SIN,Economy,2055.878247522996,0.023120755682291248,2495,1
6E2089,DEL-DXB,Business,3957.188978057594,0.2711896952727579,2582,0
6E2090,MAA-SIN,Business,2295.7579889080353,0.43922776612730496,2488,1
6E2091,BOM-BLR,Economy,6776.01952350577,0.4550631884277301,2594,0
6E2092,DEL-BOM,Economy,6508.145903282157,0.6454307551690481,2515,1
6E2093,MAA-SIN,Economy,2658.5820521842384,0.3941558250914788,2539,1
6E2094,DEL-DXB,Business,5730.389780758894,0.29968914618092796,2487,0
6E2095,DEL-DXB,Economy,3810.6921193086228,0.06716837358365935,2487,0
6E2096,DEL-BOM,Business,4489.013991504767,0.04865571379107365,2495,0
6E2097,BOM-BLR,Corporate,8648.57697726504,0.298136932145445,2520,0
6E2098,DEL-BOM,Business,6316.859493711453,0.32766448405226506,2541,0
6E2099,MAA-SIN,Economy,6184.8272759021675,0.2724841002369213,2521,0
6E2100,MAA-SIN,Economy,5843.002958738855,0.6293203362506518,2494,0
6E2101,BOM-BLR,Corporate,5480.441760749913,0.4580563930271267,2475,0
6E2102,DEL-DXB,Business,4250.181395323349,0.06153574907403899,2498,0
6E2103,MAA-SIN,Corporate,3752.145589164382,0.11970890957508662,2576,0
6E2104,MAA-SIN,Corporate,4907.0058737961435,0.1666268488795462,2556,1
6E2105,DEL-BOM,Corporate,2838.385559569735,0.13997029215636542,2484,1
6E2106,BOM-BLR,Business,6934.34594925036,0.5180260696591175,2592,1
6E2107,BOM-BLR,Economy,2980.636226726003,0.05845038485362824,2513,0
6E2108,DEL-DXB,Business,3746.752676672642,0.2105795534157624,2458,1
6E2109,BOM-BLR,Business,8372.957142579802,0.4388518374176958,2539,0
6E2110,DEL-DXB,Economy,5998.16201178443,0.010244741486375651,2471,0
6E2111,DEL-DXB,Economy,3054.8336413895954,0.6526943261854632,2425,0
6E2112,BOM-BLR,Business,6816.841807213572,0.44773120373556097,2503,0
6E2113,DEL-DXB,Economy,5109.059448288664,0.44875157672446303,2541,1
6E2114,DEL-BOM,Corporate,3863.35865352492,0.6062073810577799,2500,0
6E2115,DEL-DXB,Corporate,5071.891785584228,0.5663118823893458,2569,0
6E2116,MAA-SIN,Economy,4138.217295362025,0.4000452126771797,2584,0
6E2117,BOM-BLR,Economy,4803.478540059721,0.2179417633028846,2578,0
6E2118,MAA-SIN,Corporate,6209.402792940846,0.4429888489041417,2469,0
6E2119,MAA-SIN,Economy,8693.263719703082,0.21851960750269603,2469,0
6E2120,BOM-BLR,Economy,6066.98268201158,0.4410517117490622,2580,0
6E2121,BOM-BLR,Economy,3044.4664945847276,0.3824985060329075,2518,1
6E2122,MAA-SIN,Business,3687.119110744199,0.2558019840718633,2533,0
6E2123,BOM-BLR,Business,3031.059713657298,0.3361588108695345,2490,0
6E2124,DEL-BOM,Business,4293.5543723278915,0.4766171342225996,2469,0
6E2125,BOM-BLR,Business,7230.305267496597,0.09511540180275746,2537,1
6E2126,BOM-BLR,Business,6650.554104920696,0.3344538683200258,2535,1
6E2127,BOM-BLR,Business,3943.4202873515833,0.33504519772883146,2469,0
6E2128,DEL-BOM,Business,5699.049802568424,0.4121720580112509,2514,1
6E2129,BOM-BLR,Business,10240.23935245604,0.1519237604345957,2526,0
6E2130,MAA-SIN,Corporate,2937.029865852409,0.028103266172225402,2510,0
6E2131,MAA-SIN,Business,5615.481246681879,0.23592053444978395,2499,1
6E2132,DEL-DXB,Corporate,4527.598886145507,0.5703676650742816,2356,0
6E2133,DEL-BOM,Economy,2134.131893247293,0.26288226846787244,2518,0
6E2134,MAA-SIN,Corporate,5741.169425523668,0.20005647395598772,2573,0
6E2135,BOM-BLR,Corporate,4460.3842065979625,0.5848509275299336,2550,0
6E2136,DEL-BOM,Economy,4282.759206205407,0.6034242790377178,2539,0
6E2137,DEL-BOM,Business,1554.5192567528602,0.5109459606556358,2522,1
6E2138,DEL-DXB,Economy,5567.981041589027,0.1017885067132442,2445,0
6E2139,DEL-BOM,Business,6348.838977875586,0.5339456630124849,2499,0
6E2140,DEL-BOM,Corporate,3476.717646698875,0.5408284255104637,2455,0
6E2141,DEL-BOM,Corporate,5240.019167349623,0.3795562938234567,2434,1
6E2142,BOM-BLR,Corporate,2745.973129443135,0.5660579668202416,2511,0
6E2143,DEL-DXB,Economy,4171.727481750404,0.1934228142801218,2508,1
6E2144,DEL-DXB,Business,5816.387187534199,0.210338104746239,2592,0
6E2145,DEL-BOM,Business,1386.914797929021,0.658744232572774,2484,0
6E2146,DEL-BOM,Corporate,2474.89592488917,0.5341749996678442,2498,0
6E2147,MAA-SIN,Corporate,3977.095634321783,0.3276014554886605,2443,1
6E2148,DEL-DXB,Business,5403.467154601841,0.3793518298100146,2462,0
6E2149,BOM-BLR,Corporate,9961.66418731612,0.35397010131548684,2467,0
6E2150,MAA-SIN,Economy,7035.10067875982,0.28894023318346074,2445,0
6E2151,DEL-BOM,Business,7845.187016477337,0.30883998948650826,2476,0
6E2152,BOM-BLR,Business,3987.183015411294,0.31485139290058045,2407,0
6E2153,DEL-DXB,Economy,6012.920951594891,0.6578839738891167,2513,0
6E2154,DEL-DXB,Corporate,5758.267202752706,0.3960623702063284,2461,0
6E2155,DEL-BOM,Corporate,4809.048142528824,0.4703332598138042,2531,1
6E2156,DEL-BOM,Corporate,3531.17303719771,0.662664101217317,2514,0
6E2157,DEL-DXB,Business,5432.586879340353,0.13994813998552116,2396,0
6E2158,MAA-SIN,Economy,5019.537054313959,0.5936216861382762,2476,0
6E2159,BOM-BLR,Economy,5636.613866320437,0.3961608943009405,2488,1
6E2160,MAA-SIN,Business,5671.1144451124865,0.39792554538576264,2497,0
6E2161,DEL-DXB,Business,5967.622116174545,0.4772597650970609,2461,0
6E2162,MAA-SIN,Corporate,3703.815255829338,0.46444390098396027,2541,1
6E2163,DEL-DXB,Economy,3862.368091195006,0.06049911294429153,2538,1
6E2164,DEL-BOM,Business,4666.496552418419,0.2126041394634162,2436,0
6E2165,BOM-BLR,Economy,6425.231164561894,0.6985924060681898,2504,0
6E2166,DEL-BOM,Business,4724.897634506199,0.2558590479132892,2575,1
6E2167,MAA-SIN,Corporate,4826.500633990786,0.18565874888141842,2485,0
6E2168,BOM-BLR,Corporate,7580.30737917937,0.6385941823865179,2513,1
6E2169,BOM-BLR,Corporate,1940.67281575183,0.36624686400767037,2495,0
6E2170,DEL-DXB,Economy,-346.6804531314301,0.17725889150378113,2586,0
6E2171,MAA-SIN,Economy,7208.187640391732,0.4431057310560881,2568,0
6E2172,BOM-BLR,Corporate,3139.120458939299,0.44326109504797867,2532,1
6E2173,BOM-BLR,Corporate,4724.93601726444,0.5896625604069473,2447,0
6E2174,BOM-BLR,Corporate,5144.620463555363,0.6318471876678087,2346,1
6E2175,DEL-DXB,Economy,6949.679454443971,0.2202038324284674,2418,1
6E2176,BOM-BLR,Economy,6475.813081351635,0.47159844098488124,2586,1
6E2177,BOM-BLR,Business,5189.847054436531,0.1684614539961612,2494,0
6E2178,MAA-SIN,Economy,5639.7769755803565,0.15623436551607853,2402,0
6E2179,DEL-DXB,Corporate,4334.552513615417,0.4347177368562463,2569,1
6E2180,MAA-SIN,Business,4220.0080032657315,0.1791275934874655,2506,0
6E2181,BOM-BLR,Corporate,3366.76775198589,0.583494426569641,2539,0
6E2182,BOM-BLR,Corporate,2871.322619375213,0.1997387997208811,2568,0
6E2183,BOM-BLR,Business,3067.4003461824886,0.4935787975478613,2477,0
6E2184,BOM-BLR,Business,3187.422466226154,0.12670068838296775,2440,0
6E2185,MAA-SIN,Corporate,5384.741468808648,0.5798994785218691,2461,1
6E2186,MAA-SIN,Business,7154.324066821717,0.4798708587424233,2462,1
6E2187,MAA-SIN,Business,2554.8894172161095,0.5919343815214076,2539,0
6E2188,MAA-SIN,Economy,1720.289352098796,0.30753467195969814,2634,1
6E2189,DEL-BOM,Economy,5651.549383974767,0.27395561034612625,2497,0
6E2190,DEL-DXB,Corporate,5817.14863465026,0.05256891703388178,2487,0
6E2191,MAA-SIN,Corporate,1793.8456751230483,0.4917881371125196,2471,0
6E2192,BOM-BLR,Economy,4458.6579062729,0.08101019873987667,2510,0
6E2193,DEL-BOM,Business,3721.912759102277,0.49210454881618004,2529,0
6E2194,DEL-BOM,Economy,-1668.9613970640985,0.6863773370564252,2546,1
6E2195,MAA-SIN,Corporate,6667.643524316134,0.3867558713705485,2498,1
6E2196,BOM-BLR,Economy,4036.0238212793333,0.08720928705451551,2566,0
6E2197,DEL-BOM,Corporate,4584.144847813941,0.12724576210067365,2374,0
6E2198,DEL-DXB,Corporate,5991.972893403758,0.6202903021876216,2574,1
6E2199,DEL-BOM,Business,3922.389853475396,0.5338695542325887,2652,0
6E2200,DEL-DXB,Economy,8474.908538867987,0.31060698080879784,2492,0
6E2201,DEL-BOM,Corporate,6210.7381149701305,0.31367217152916554,2543,1
6E2202,BOM-BLR,Business,3994.5037667646384,0.5060535772456604,2500,0
6E2203,MAA-SIN,Business,5755.008290737696,0.5922618938505367,2525,1
6E2204,MAA-SIN,Corporate,6214.473998610441,0.6350787036924224,2539,1
6E2205,MAA-SIN,Economy,5053.660775586041,0.45790400822991084,2500,0
6E2206,DEL-DXB,Economy,4656.5917937334125,0.44138746598663425,2409,0
6E2207,DEL-BOM,Economy,5028.941827022951,0.6870247492798717,2482,0
6E2208,DEL-BOM,Business,7311.276440902693,0.0335431002301672,2452,0
6E2209,DEL-BOM,Economy,4617.722075776222,0.4392961225273712,2499,1
6E2210,DEL-BOM,Economy,3867.9414426140256,0.14214584816946557,2607,0
6E2211,DEL-BOM,Economy,4350.409944003576,0.6688040416862804,2465,0
6E2212,DEL-BOM,Corporate,4691.791359446294,0.14995003956969233,2502,0
6E2213,MAA-SIN,Business,8174.940930860994,0.06095283001258766,2385,0
6E2214,BOM-BLR,Corporate,4548.21749874795,0.08217366265223576,2542,0
6E2215,DEL-DXB,Corporate,4843.111149826899,0.10122674397137499,2505,0
6E2216,BOM-BLR,Business,4286.635307438543,0.15370338020689306,2498,0
6E2217,BOM-BLR,Corporate,3091.4115698193104,0.16193897127007253,2470,0
6E2218,MAA-SIN,Corporate,8161.442317762316,0.4834773440113066,2566,0
6E2219,MAA-SIN,Economy,3406.2936072208286,0.6454013072897826,2477,0
6E2220,MAA-SIN,Economy,3442.785489398651,0.4903800541580124,2504,1
6E2221,DEL-DXB,Business,8497.147857080497,0.16923381737523607,2529,1
6E2222,MAA-SIN,Business,4259.450370350017,0.4075765527696878,2508,1
6E2223,MAA-SIN,Corporate,5672.433287283824,0.6123792817058239,2477,1
6E2224,DEL-DXB,Economy,8767.284214913587,0.27037888457941356,2439,0
6E2225,BOM-BLR,Business,8478.425513014532,0.6705302997929113,2611,0
6E2226,BOM-BLR,Economy,4957.978943401029,0.42847192922517696,2494,0
6E2227,MAA-SIN,Business,2824.3005877149644,0.1326865591288785,2458,0
6E2228,DEL-BOM,Economy,8161.471671888503,0.38875875811166194,2436,1
6E2229,BOM-BLR,Economy,2249.0582337344076,0.06869218159811045,2545,0
6E2230,DEL-DXB,Corporate,4913.622409088977,0.042511028166946914,2468,0
6E2231,DEL-BOM,Corporate,3390.8610782815185,0.4517255019401546,2545,1
6E2232,DEL-BOM,Corporate,5187.698348944284,0.014955879312041597,2413,0
6E2233,DEL-DXB,Economy,6209.276857106464,0.5864786491626917,2436,0
6E2234,MAA-SIN,Economy,4803.267458625764,0.6794027402600724,2435,0
6E2235,MAA-SIN,Business,4656.355756444364,0.1492892998637843,2584,0
6E2236,DEL-BOM,Economy,6491.211096277259,0.46048650456402174,2515,0
6E2237,DEL-BOM,Economy,3160.682845216755,0.6436996409925029,2447,0
6E2238,MAA-SIN,Economy,5554.6220168789805,0.29767485066924465,2491,0
6E2239,MAA-SIN,Business,6113.864479261678,0.2979272148714657,2494,0
